,year,age_group,sex,emigrants,Immigrants,migration
0,1987,0 - 14 years,Both sexes,2.8,3.1,
1,1987,0 - 14 years,Female,1.3,1.8,
2,1987,0 - 14 years,Male,1.4,1.3,
3,1987,15 - 24 years,Both sexes,24.0,5.1,
4,1987,15 - 24 years,Female,11.7,3.2,
5,1987,15 - 24 years,Male,12.3,1.9,
6,1987,25 - 44 years,Both sexes,11.8,6.1,
7,1987,25 - 44 years,Female,4.9,2.7,
8,1987,25 - 44 years,Male,6.9,3.4,
9,1987,45 - 64 years,Both sexes,1.7,1.8,
10,1987,45 - 64 years,Female,0.7,0.8,
11,1987,45 - 64 years,Male,1.0,1.0,
12,1987,65 years and over,Both sexes,0.0,1.1,
13,1987,65 years and over,Female,0.0,0.6,
14,1987,65 years and over,Male,0.0,0.5,
15,1987,All ages,Both sexes,40.2,17.2,-23.0
16,1988,0 - 14 years,Both sexes,8.3,3.0,
17,1988,0 - 14 years,Female,4.0,1.5,
18,1988,0 - 14 years,Male,4.3,1.5,
19,1988,15 - 24 years,Both sexes,31.2,5.4,
20,1988,15 - 24 years,Female,14.3,3.0,
21,1988,15 - 24 years,Male,17.0,2.4,
22,1988,25 - 44 years,Both sexes,18.3,7.2,
23,1988,25 - 44 years,Female,7.3,3.2,
24,1988,25 - 44 years,Male,11.0,4.0,
25,1988,45 - 64 years,Both sexes,3.2,2.2,
26,1988,45 - 64 years,Female,1.6,1.0,
27,1988,45 - 64 years,Male,1.6,1.1,
28,1988,65 years and over,Both sexes,0.0,1.4,
29,1988,65 years and over,Female,0.0,0.5,
30,1988,65 years and over,Male,0.0,0.9,
31,1988,All ages,Both sexes,61.1,19.2,-41.9
32,1989,0 - 14 years,Both sexes,7.8,4.4,
33,1989,0 - 14 years,Female,3.7,2.1,
34,1989,0 - 14 years,Male,4.1,2.3,
35,1989,15 - 24 years,Both sexes,37.0,7.7,
36,1989,15 - 24 years,Female,17.8,4.0,
37,1989,15 - 24 years,Male,19.2,3.7,
38,1989,25 - 44 years,Both sexes,21.9,10.6,
39,1989,25 - 44 years,Female,8.2,4.7,
40,1989,25 - 44 years,Male,13.7,5.8,
41,1989,45 - 64 years,Both sexes,3.8,2.2,
42,1989,45 - 64 years,Female,1.5,1.4,
43,1989,45 - 64 years,Male,2.2,0.8,
44,1989,65 years and over,Both sexes,0.0,1.8,
45,1989,65 years and over,Female,0.0,0.9,
46,1989,65 years and over,Male,0.0,1.0,
47,1989,All ages,Both sexes,70.6,26.7,-43.9
48,1990,0 - 14 years,Both sexes,6.7,5.2,
49,1990,0 - 14 years,Female,3.1,2.5,
50,1990,0 - 14 years,Male,3.6,2.7,
51,1990,15 - 24 years,Both sexes,30.8,10.1,
52,1990,15 - 24 years,Female,16.5,5.4,
53,1990,15 - 24 years,Male,14.3,4.7,
54,1990,25 - 44 years,Both sexes,16.9,14.0,
55,1990,25 - 44 years,Female,7.2,5.9,
56,1990,25 - 44 years,Male,9.7,8.0,
57,1990,45 - 64 years,Both sexes,1.9,2.7,
58,1990,45 - 64 years,Female,0.9,1.2,
59,1990,45 - 64 years,Male,1.0,1.5,
60,1990,65 years and over,Both sexes,0.0,1.4,
61,1990,65 years and over,Female,0.0,0.5,
62,1990,65 years and over,Male,0.0,0.8,
63,1990,All ages,Both sexes,56.3,33.3,-22.9
64,1991,0 - 14 years,Both sexes,4.6,5.2,
65,1991,0 - 14 years,Female,2.3,2.6,
66,1991,0 - 14 years,Male,2.3,2.7,
67,1991,15 - 24 years,Both sexes,19.9,9.3,
68,1991,15 - 24 years,Female,10.4,4.8,
69,1991,15 - 24 years,Male,9.5,4.5,
70,1991,25 - 44 years,Both sexes,10.5,14.6,
71,1991,25 - 44 years,Female,4.7,6.5,
72,1991,25 - 44 years,Male,5.8,8.0,
73,1991,45 - 64 years,Both sexes,0.4,2.5,
74,1991,45 - 64 years,Female,0.3,1.1,
75,1991,45 - 64 years,Male,0.1,1.4,
76,1991,65 years and over,Both sexes,0.0,1.7,
77,1991,65 years and over,Female,0.0,0.8,
78,1991,65 years and over,Male,0.0,0.9,
79,1991,All ages,Both sexes,35.3,33.3,-2.0
80,1992,0 - 14 years,Both sexes,0.7,6.2,
81,1992,0 - 14 years,Female,0.4,2.8,
82,1992,0 - 14 years,Male,0.3,3.4,
83,1992,15 - 24 years,Both sexes,22.5,12.5,
84,1992,15 - 24 years,Female,11.7,6.5,
85,1992,15 - 24 years,Male,10.8,6.0,
86,1992,25 - 44 years,Both sexes,8.8,16.5,
87,1992,25 - 44 years,Female,3.0,7.2,
88,1992,25 - 44 years,Male,5.8,9.3,
89,1992,45 - 64 years,Both sexes,1.2,4.1,
90,1992,45 - 64 years,Female,0.7,1.7,
91,1992,45 - 64 years,Male,0.5,2.4,
92,1992,65 years and over,Both sexes,0.2,1.4,
93,1992,65 years and over,Female,0.2,0.6,
94,1992,65 years and over,Male,0.0,0.8,
95,1992,All ages,Both sexes,33.4,40.7,7.4
96,1993,0 - 14 years,Both sexes,1.1,5.6,
97,1993,0 - 14 years,Female,0.5,2.6,
98,1993,0 - 14 years,Male,0.6,2.9,
99,1993,15 - 24 years,Both sexes,23.6,10.3,
100,1993,15 - 24 years,Female,12.7,6.0,
101,1993,15 - 24 years,Male,10.9,4.2,
102,1993,25 - 44 years,Both sexes,9.1,14.5,
103,1993,25 - 44 years,Female,3.4,6.6,
104,1993,25 - 44 years,Male,5.7,7.8,
105,1993,45 - 64 years,Both sexes,1.2,3.6,
106,1993,45 - 64 years,Female,0.8,1.6,
107,1993,45 - 64 years,Male,0.4,2.0,
108,1993,65 years and over,Both sexes,0.2,0.8,
109,1993,65 years and over,Female,0.1,0.4,
110,1993,65 years and over,Male,0.1,0.5,
111,1993,All ages,Both sexes,35.1,34.7,-0.4
112,1994,0 - 14 years,Both sexes,1.4,4.4,
113,1994,0 - 14 years,Female,0.7,2.0,
114,1994,0 - 14 years,Male,0.6,2.4,
115,1994,15 - 24 years,Both sexes,24.6,9.7,
116,1994,15 - 24 years,Female,13.0,5.7,
117,1994,15 - 24 years,Male,11.6,4.0,
118,1994,25 - 44 years,Both sexes,8.2,12.1,
119,1994,25 - 44 years,Female,2.9,5.8,
120,1994,25 - 44 years,Male,5.3,6.3,
121,1994,45 - 64 years,Both sexes,0.6,3.1,
122,1994,45 - 64 years,Female,0.6,1.4,
123,1994,45 - 64 years,Male,0.0,1.6,
124,1994,65 years and over,Both sexes,0.0,0.9,
125,1994,65 years and over,Female,0.0,0.4,
126,1994,65 years and over,Male,0.0,0.4,
127,1994,All ages,Both sexes,34.8,30.1,-4.7
128,1995,0 - 14 years,Both sexes,1.2,5.3,
129,1995,0 - 14 years,Female,0.6,2.7,
130,1995,0 - 14 years,Male,0.6,2.6,
131,1995,15 - 24 years,Both sexes,22.6,8.0,
132,1995,15 - 24 years,Female,10.8,4.8,
133,1995,15 - 24 years,Male,11.8,3.2,
134,1995,25 - 44 years,Both sexes,8.5,14.6,
135,1995,25 - 44 years,Female,2.9,7.1,
136,1995,25 - 44 years,Male,5.5,7.5,
137,1995,45 - 64 years,Both sexes,0.8,2.6,
138,1995,45 - 64 years,Female,0.5,1.3,
139,1995,45 - 64 years,Male,0.3,1.3,
140,1995,65 years and over,Both sexes,0.0,0.7,
141,1995,65 years and over,Female,0.0,0.5,
142,1995,65 years and over,Male,0.0,0.2,
143,1995,All ages,Both sexes,33.1,31.2,-1.9
144,1996,0 - 14 years,Both sexes,0.9,6.6,
145,1996,0 - 14 years,Female,0.6,3.6,
146,1996,0 - 14 years,Male,0.4,3.1,
147,1996,15 - 24 years,Both sexes,21.4,10.9,
148,1996,15 - 24 years,Female,11.7,6.7,
149,1996,15 - 24 years,Male,9.8,4.2,
150,1996,25 - 44 years,Both sexes,8.1,16.9,
151,1996,25 - 44 years,Female,3.0,8.1,
152,1996,25 - 44 years,Male,5.1,8.7,
153,1996,45 - 64 years,Both sexes,0.7,3.6,
154,1996,45 - 64 years,Female,0.7,1.3,
155,1996,45 - 64 years,Male,0.0,2.2,
156,1996,65 years and over,Both sexes,0.0,1.2,
157,1996,65 years and over,Female,0.0,0.6,
158,1996,65 years and over,Male,0.0,0.6,
159,1996,All ages,Both sexes,31.2,39.2,8.0
160,1997,0 - 14 years,Both sexes,0.3,6.4,
161,1997,0 - 14 years,Female,0.2,3.5,
162,1997,0 - 14 years,Male,0.1,2.9,
163,1997,15 - 24 years,Both sexes,19.4,13.8,
164,1997,15 - 24 years,Female,10.4,7.8,
165,1997,15 - 24 years,Male,9.0,5.9,
166,1997,25 - 44 years,Both sexes,5.6,18.2,
167,1997,25 - 44 years,Female,2.2,8.6,
168,1997,25 - 44 years,Male,3.4,9.6,
169,1997,45 - 64 years,Both sexes,0.0,4.7,
170,1997,45 - 64 years,Female,0.0,2.0,
171,1997,45 - 64 years,Male,0.0,2.7,
172,1997,65 years and over,Both sexes,0.0,1.5,
173,1997,65 years and over,Female,0.0,0.7,
174,1997,65 years and over,Male,0.0,0.8,
175,1997,All ages,Both sexes,25.3,44.5,19.2
176,1998,0 - 14 years,Both sexes,1.6,7.5,
177,1998,0 - 14 years,Female,1.2,4.1,
178,1998,0 - 14 years,Male,0.4,3.4,
179,1998,15 - 24 years,Both sexes,21.1,12.4,
180,1998,15 - 24 years,Female,10.9,7.3,
181,1998,15 - 24 years,Male,10.1,5.1,
182,1998,25 - 44 years,Both sexes,5.8,19.9,
183,1998,25 - 44 years,Female,2.5,8.8,
184,1998,25 - 44 years,Male,3.2,11.1,
185,1998,45 - 64 years,Both sexes,0.2,4.3,
186,1998,45 - 64 years,Female,0.0,2.2,
187,1998,45 - 64 years,Male,0.2,2.1,
188,1998,65 years and over,Both sexes,0.0,1.8,
189,1998,65 years and over,Female,0.0,0.9,
190,1998,65 years and over,Male,0.0,0.9,
191,1998,All ages,Both sexes,28.6,46.0,17.4
192,1999,0 - 14 years,Both sexes,0.0,7.0,
193,1999,0 - 14 years,Female,0.0,3.4,
194,1999,0 - 14 years,Male,0.0,3.6,
195,1999,15 - 24 years,Both sexes,23.1,15.3,
196,1999,15 - 24 years,Female,12.7,9.2,
197,1999,15 - 24 years,Male,10.4,6.1,
198,1999,25 - 44 years,Both sexes,7.6,21.5,
199,1999,25 - 44 years,Female,3.0,9.9,
200,1999,25 - 44 years,Male,4.6,11.7,
201,1999,45 - 64 years,Both sexes,0.3,4.1,
202,1999,45 - 64 years,Female,0.3,1.6,
203,1999,45 - 64 years,Male,0.0,2.5,
204,1999,65 years and over,Both sexes,0.6,0.9,
205,1999,65 years and over,Female,0.1,0.3,
206,1999,65 years and over,Male,0.4,0.6,
207,1999,All ages,Both sexes,31.5,48.9,17.3
208,2000,0 - 14 years,Both sexes,0.0,7.1,
209,2000,0 - 14 years,Female,0.0,3.6,
210,2000,0 - 14 years,Male,0.0,3.6,
211,2000,15 - 24 years,Both sexes,21.4,16.8,
212,2000,15 - 24 years,Female,11.2,10.1,
213,2000,15 - 24 years,Male,10.2,6.8,
214,2000,25 - 44 years,Both sexes,4.6,23.4,
215,2000,25 - 44 years,Female,2.0,10.7,
216,2000,25 - 44 years,Male,2.6,12.7,
217,2000,45 - 64 years,Both sexes,0.1,4.0,
218,2000,45 - 64 years,Female,0.1,1.4,
219,2000,45 - 64 years,Male,0.0,2.6,
220,2000,65 years and over,Both sexes,0.6,1.2,
221,2000,65 years and over,Female,0.3,0.6,
222,2000,65 years and over,Male,0.3,0.6,
223,2000,All ages,Both sexes,26.6,52.6,26.0
224,2001,0 - 14 years,Both sexes,0.0,7.9,
225,2001,0 - 14 years,Female,0.0,3.8,
226,2001,0 - 14 years,Male,0.0,4.1,
227,2001,15 - 24 years,Both sexes,21.2,16.4,
228,2001,15 - 24 years,Female,11.3,9.8,
229,2001,15 - 24 years,Male,9.9,6.6,
230,2001,25 - 44 years,Both sexes,4.4,29.5,
231,2001,25 - 44 years,Female,2.0,13.2,
232,2001,25 - 44 years,Male,2.4,16.3,
233,2001,45 - 64 years,Both sexes,0.0,4.3,
234,2001,45 - 64 years,Female,0.0,1.8,
235,2001,45 - 64 years,Male,0.0,2.5,
236,2001,65 years and over,Both sexes,0.7,0.8,
237,2001,65 years and over,Female,0.3,0.3,
238,2001,65 years and over,Male,0.4,0.5,
239,2001,All ages,Both sexes,26.2,59.0,32.8
240,2002,0 - 14 years,Both sexes,2.5,7.0,4.5
241,2002,0 - 14 years,Female,1.2,3.8,2.6
242,2002,0 - 14 years,Male,1.2,3.2,2.0
243,2002,15 - 24 years,Both sexes,18.7,19.8,1.1
244,2002,15 - 24 years,Female,9.8,11.8,2.0
245,2002,15 - 24 years,Male,9.0,8.0,-1.0
246,2002,25 - 44 years,Both sexes,3.1,35.2,32.1
247,2002,25 - 44 years,Female,1.4,17.7,16.3
248,2002,25 - 44 years,Male,1.7,17.5,15.8
249,2002,45 - 64 years,Both sexes,0.1,4.2,4.1
250,2002,45 - 64 years,Female,0.1,1.9,1.8
251,2002,45 - 64 years,Male,0.0,2.3,2.3
252,2002,65 years and over,Both sexes,1.2,0.8,-0.4
253,2002,65 years and over,Female,0.4,0.5,0.1
254,2002,65 years and over,Male,0.8,0.3,-0.5
255,2002,All ages,Both sexes,25.6,66.9,41.3
256,2002,All ages,Female,12.9,35.6,22.7
257,2002,All ages,Male,12.7,31.3,18.6
258,2003,0 - 14 years,Both sexes,0.9,7.3,6.4
259,2003,0 - 14 years,Female,0.2,3.7,3.5
260,2003,0 - 14 years,Male,0.7,3.6,2.9
261,2003,15 - 24 years,Both sexes,17.0,17.5,0.5
262,2003,15 - 24 years,Female,7.7,9.8,2.1
263,2003,15 - 24 years,Male,9.3,7.8,-1.5
264,2003,25 - 44 years,Both sexes,8.8,28.8,20.0
265,2003,25 - 44 years,Female,3.1,12.7,9.6
266,2003,25 - 44 years,Male,5.7,16.0,10.3
267,2003,45 - 64 years,Both sexes,1.3,5.1,3.8
268,2003,45 - 64 years,Female,0.7,1.7,1.0
269,2003,45 - 64 years,Male,0.6,3.4,2.8
270,2003,65 years and over,Both sexes,1.2,1.3,0.1
271,2003,65 years and over,Female,0.6,0.7,0.1
272,2003,65 years and over,Male,0.7,0.7,0.0
273,2003,All ages,Both sexes,29.3,60.0,30.7
274,2003,All ages,Female,12.3,28.6,16.3
275,2003,All ages,Male,17.0,31.4,14.5
276,2004,0 - 14 years,Both sexes,1.5,6.1,4.7
277,2004,0 - 14 years,Female,0.9,2.7,1.8
278,2004,0 - 14 years,Male,0.6,3.5,2.9
279,2004,15 - 24 years,Both sexes,14.1,18.7,4.6
280,2004,15 - 24 years,Female,7.8,10.6,2.8
281,2004,15 - 24 years,Male,6.3,8.1,1.8
282,2004,25 - 44 years,Both sexes,9.2,28.8,19.6
283,2004,25 - 44 years,Female,3.9,12.5,8.6
284,2004,25 - 44 years,Male,5.3,16.3,11.0
285,2004,45 - 64 years,Both sexes,1.3,4.2,2.9
286,2004,45 - 64 years,Female,1.0,1.8,0.8
287,2004,45 - 64 years,Male,0.4,2.4,2.0
288,2004,65 years and over,Both sexes,0.4,0.7,0.3
289,2004,65 years and over,Female,0.4,0.4,0.0
290,2004,65 years and over,Male,0.0,0.3,0.3
291,2004,All ages,Both sexes,26.5,58.5,32.0
292,2004,All ages,Female,14.0,28.0,14.0
293,2004,All ages,Male,12.5,30.5,18.0
294,2005,0 - 14 years,Both sexes,2.1,8.0,5.9
295,2005,0 - 14 years,Female,1.1,3.8,2.7
296,2005,0 - 14 years,Male,1.1,4.2,3.2
297,2005,15 - 24 years,Both sexes,14.3,24.4,10.0
298,2005,15 - 24 years,Female,7.6,12.7,5.1
299,2005,15 - 24 years,Male,6.7,11.6,4.9
300,2005,25 - 44 years,Both sexes,10.6,44.8,34.2
301,2005,25 - 44 years,Female,4.5,17.5,12.9
302,2005,25 - 44 years,Male,6.1,27.3,21.2
303,2005,45 - 64 years,Both sexes,1.5,6.1,4.7
304,2005,45 - 64 years,Female,0.8,2.5,1.6
305,2005,45 - 64 years,Male,0.6,3.7,3.0
306,2005,65 years and over,Both sexes,0.9,1.2,0.3
307,2005,65 years and over,Female,0.5,0.6,0.1
308,2005,65 years and over,Male,0.4,0.6,0.2
309,2005,All ages,Both sexes,29.4,84.6,55.1
310,2005,All ages,Female,14.6,37.1,22.5
311,2005,All ages,Male,14.9,47.5,32.6
312,2006,0 - 14 years,Both sexes,2.2,11.5,9.3
313,2006,0 - 14 years,Female,1.1,6.0,5.0
314,2006,0 - 14 years,Male,1.1,5.5,4.4
315,2006,15 - 24 years,Both sexes,15.9,31.6,15.6
316,2006,15 - 24 years,Female,7.9,15.2,7.3
317,2006,15 - 24 years,Male,8.0,16.4,8.4
318,2006,25 - 44 years,Both sexes,14.1,57.2,43.0
319,2006,25 - 44 years,Female,6.5,23.2,16.6
320,2006,25 - 44 years,Male,7.6,34.0,26.4
321,2006,45 - 64 years,Both sexes,2.1,6.1,4.1
322,2006,45 - 64 years,Female,0.9,2.4,1.5
323,2006,45 - 64 years,Male,1.2,3.7,2.5
324,2006,65 years and over,Both sexes,1.7,1.4,-0.3
325,2006,65 years and over,Female,0.9,0.7,-0.2
326,2006,65 years and over,Male,0.8,0.7,-0.1
327,2006,All ages,Both sexes,36.0,107.8,71.8
328,2006,All ages,Female,17.3,47.5,30.2
329,2006,All ages,Male,18.7,60.3,41.6
330,2007,0 - 14 years,Both sexes,1.4,11.4,10.0
331,2007,0 - 14 years,Female,0.8,6.1,5.3
332,2007,0 - 14 years,Male,0.6,5.3,4.8
333,2007,15 - 24 years,Both sexes,18.2,61.4,43.1
334,2007,15 - 24 years,Female,9.3,32.5,23.1
335,2007,15 - 24 years,Male,8.9,28.9,20.0
336,2007,25 - 44 years,Both sexes,21.2,65.8,44.6
337,2007,25 - 44 years,Female,8.4,27.7,19.3
338,2007,25 - 44 years,Male,12.8,38.1,25.3
339,2007,45 - 64 years,Both sexes,3.0,10.1,7.1
340,2007,45 - 64 years,Female,1.1,4.1,3.1
341,2007,45 - 64 years,Male,2.0,6.0,4.0
342,2007,65 years and over,Both sexes,2.5,2.4,-0.1
343,2007,65 years and over,Female,1.0,0.7,-0.3
344,2007,65 years and over,Male,1.5,1.7,0.2
345,2007,All ages,Both sexes,46.3,151.1,104.8
346,2007,All ages,Female,20.6,71.1,50.4
347,2007,All ages,Male,25.7,80.0,54.3
348,2008,0 - 14 years,Both sexes,1.6,13.9,12.3
349,2008,0 - 14 years,Female,0.8,7.3,6.5
350,2008,0 - 14 years,Male,0.8,6.6,5.8
351,2008,15 - 24 years,Both sexes,17.8,50.0,32.3
352,2008,15 - 24 years,Female,8.1,26.7,18.6
353,2008,15 - 24 years,Male,9.7,23.3,13.7
354,2008,25 - 44 years,Both sexes,24.0,38.8,14.8
355,2008,25 - 44 years,Female,9.1,20.7,11.7
356,2008,25 - 44 years,Male,14.9,18.0,3.1
357,2008,45 - 64 years,Both sexes,2.9,7.2,4.3
358,2008,45 - 64 years,Female,0.6,3.0,2.4
359,2008,45 - 64 years,Male,2.2,4.2,2.0
360,2008,65 years and over,Both sexes,3.0,3.6,0.6
361,2008,65 years and over,Female,1.0,1.8,0.8
362,2008,65 years and over,Male,2.0,1.7,-0.2
363,2008,All ages,Both sexes,49.2,113.5,64.3
364,2008,All ages,Female,19.6,59.5,39.9
365,2008,All ages,Male,29.6,53.9,24.4
366,2009,0 - 14 years,Both sexes,2.4,4.5,2.1
367,2009,0 - 14 years,Female,1.3,2.3,1.0
368,2009,0 - 14 years,Male,1.1,2.2,1.1
369,2009,15 - 24 years,Both sexes,27.9,37.2,9.3
370,2009,15 - 24 years,Female,10.8,18.6,7.8
371,2009,15 - 24 years,Male,17.1,18.6,1.4
372,2009,25 - 44 years,Both sexes,37.5,26.4,-11.1
373,2009,25 - 44 years,Female,15.5,13.4,-2.1
374,2009,25 - 44 years,Male,22.0,13.0,-9.0
375,2009,45 - 64 years,Both sexes,3.1,3.3,0.3
376,2009,45 - 64 years,Female,1.8,1.7,-0.1
377,2009,45 - 64 years,Male,1.2,1.6,0.4
378,2009,65 years and over,Both sexes,1.2,2.3,1.0
379,2009,65 years and over,Female,0.8,0.9,0.1
380,2009,65 years and over,Male,0.4,1.4,1.0
381,2009,All ages,Both sexes,72.0,73.7,1.6
382,2009,All ages,Female,30.1,36.8,6.7
383,2009,All ages,Male,41.9,36.8,-5.1
384,2010,0 - 14 years,Both sexes,2.0,1.8,-0.2
385,2010,0 - 14 years,Female,1.1,0.5,-0.6
386,2010,0 - 14 years,Male,1.0,1.4,0.4
387,2010,15 - 24 years,Both sexes,26.7,17.3,-9.4
388,2010,15 - 24 years,Female,13.0,9.7,-3.3
389,2010,15 - 24 years,Male,13.7,7.6,-6.1
390,2010,25 - 44 years,Both sexes,36.5,18.8,-17.7
391,2010,25 - 44 years,Female,13.5,8.8,-4.6
392,2010,25 - 44 years,Male,23.0,9.9,-13.1
393,2010,45 - 64 years,Both sexes,2.9,2.0,-0.9
394,2010,45 - 64 years,Female,0.5,1.3,0.8
395,2010,45 - 64 years,Male,2.4,0.8,-1.7
396,2010,65 years and over,Both sexes,1.1,1.9,0.8
397,2010,65 years and over,Female,0.6,1.1,0.5
398,2010,65 years and over,Male,0.5,0.7,0.3
399,2010,All ages,Both sexes,69.2,41.8,-27.5
400,2010,All ages,Female,28.7,21.4,-7.2
401,2010,All ages,Male,40.6,20.4,-20.2
402,2011,0 - 14 years,Both sexes,5.3,6.1,0.9
403,2011,0 - 14 years,Female,2.7,3.0,0.2
404,2011,0 - 14 years,Male,2.5,3.1,0.6
405,2011,15 - 24 years,Both sexes,34.5,14.6,-19.9
406,2011,15 - 24 years,Female,18.6,8.2,-10.5
407,2011,15 - 24 years,Male,15.9,6.4,-9.5
408,2011,25 - 44 years,Both sexes,31.3,26.9,-4.4
409,2011,25 - 44 years,Female,13.3,13.3,0.0
410,2011,25 - 44 years,Male,17.9,13.6,-4.4
411,2011,45 - 64 years,Both sexes,6.1,4.3,-1.8
412,2011,45 - 64 years,Female,3.1,2.1,-1.0
413,2011,45 - 64 years,Male,3.1,2.2,-0.9
414,2011,65 years and over,Both sexes,3.4,1.3,-2.1
415,2011,65 years and over,Female,1.0,0.7,-0.3
416,2011,65 years and over,Male,2.4,0.7,-1.8
417,2011,All ages,Both sexes,80.6,53.3,-27.4
418,2011,All ages,Female,38.8,27.2,-11.5
419,2011,All ages,Male,41.9,26.0,-15.8
420,2012,0 - 14 years,Both sexes,9.5,6.6,-2.9
421,2012,0 - 14 years,Female,5.0,3.9,-1.1
422,2012,0 - 14 years,Male,4.6,2.8,-1.8
423,2012,15 - 24 years,Both sexes,26.0,16.9,-9.1
424,2012,15 - 24 years,Female,12.4,9.3,-3.1
425,2012,15 - 24 years,Male,13.6,7.6,-6.0
426,2012,25 - 44 years,Both sexes,38.5,26.4,-12.1
427,2012,25 - 44 years,Female,15.8,13.0,-2.9
428,2012,25 - 44 years,Male,22.7,13.4,-9.3
429,2012,45 - 64 years,Both sexes,6.8,4.5,-2.3
430,2012,45 - 64 years,Female,2.7,2.4,-0.3
431,2012,45 - 64 years,Male,4.1,2.1,-2.0
432,2012,65 years and over,Both sexes,2.1,2.9,0.7
433,2012,65 years and over,Female,1.2,1.2,0.1
434,2012,65 years and over,Male,0.9,1.6,0.7
435,2012,All ages,Both sexes,83.0,57.3,-25.7
436,2012,All ages,Female,37.1,29.7,-7.3
437,2012,All ages,Male,45.9,27.5,-18.4
438,2013,0 - 14 years,Both sexes,11.1,7.6,-3.5
439,2013,0 - 14 years,Female,5.2,4.1,-1.1
440,2013,0 - 14 years,Male,5.8,3.5,-2.4
441,2013,15 - 24 years,Both sexes,23.9,20.0,-3.9
442,2013,15 - 24 years,Female,11.9,9.7,-2.2
443,2013,15 - 24 years,Male,12.0,10.3,-1.6
444,2013,25 - 44 years,Both sexes,37.1,27.7,-9.4
445,2013,25 - 44 years,Female,17.9,13.1,-4.8
446,2013,25 - 44 years,Male,19.2,14.6,-4.6
447,2013,45 - 64 years,Both sexes,7.6,4.4,-3.2
448,2013,45 - 64 years,Female,3.8,2.0,-1.8
449,2013,45 - 64 years,Male,3.8,2.4,-1.4
450,2013,65 years and over,Both sexes,1.7,3.0,1.3
451,2013,65 years and over,Female,0.9,1.5,0.6
452,2013,65 years and over,Male,0.8,1.5,0.7
453,2013,All ages,Both sexes,81.3,62.7,-18.7
454,2013,All ages,Female,39.7,30.4,-9.3
455,2013,All ages,Male,41.6,32.3,-9.3
456,2014,0 - 14 years,Both sexes,10.2,6.5,-3.6
457,2014,0 - 14 years,Female,5.7,3.9,-1.8
458,2014,0 - 14 years,Male,4.5,2.6,-1.9
459,2014,15 - 24 years,Both sexes,21.8,21.8,0.0
460,2014,15 - 24 years,Female,10.9,11.5,0.6
461,2014,15 - 24 years,Male,10.9,10.3,-0.6
462,2014,25 - 44 years,Both sexes,37.4,31.6,-5.9
463,2014,25 - 44 years,Female,17.1,16.6,-0.5
464,2014,25 - 44 years,Male,20.3,15.0,-5.3
465,2014,45 - 64 years,Both sexes,3.3,3.2,-0.1
466,2014,45 - 64 years,Female,1.4,1.8,0.4
467,2014,45 - 64 years,Male,1.9,1.4,-0.5
468,2014,65 years and over,Both sexes,2.2,3.4,1.1
469,2014,65 years and over,Female,1.5,1.8,0.3
470,2014,65 years and over,Male,0.8,1.6,0.8
471,2014,All ages,Both sexes,75.0,66.5,-8.5
472,2014,All ages,Female,36.6,35.6,-1.0
473,2014,All ages,Male,38.3,30.9,-7.4
474,2015,0 - 14 years,Both sexes,11.4,9.8,-1.6
475,2015,0 - 14 years,Female,5.5,4.7,-0.8
476,2015,0 - 14 years,Male,6.0,5.1,-0.8
477,2015,15 - 24 years,Both sexes,17.3,18.3,1.1
478,2015,15 - 24 years,Female,10.7,11.0,0.3
479,2015,15 - 24 years,Male,6.5,7.4,0.8
480,2015,25 - 44 years,Both sexes,35.5,40.0,4.5
481,2015,25 - 44 years,Female,15.8,20.6,4.8
482,2015,25 - 44 years,Male,19.6,19.4,-0.3
483,2015,45 - 64 years,Both sexes,4.3,4.1,-0.2
484,2015,45 - 64 years,Female,1.4,2.0,0.5
485,2015,45 - 64 years,Male,2.9,2.2,-0.7
486,2015,65 years and over,Both sexes,1.5,3.6,2.1
487,2015,65 years and over,Female,0.7,1.9,1.2
488,2015,65 years and over,Male,0.8,1.7,0.9
489,2015,All ages,Both sexes,70.0,75.9,5.9
490,2015,All ages,Female,34.1,40.2,6.0
491,2015,All ages,Male,35.8,35.7,-0.1
492,2016,0 - 14 years,Both sexes,10.2,9.9,-0.3
493,2016,0 - 14 years,Female,5.5,4.9,-0.6
494,2016,0 - 14 years,Male,4.7,5.0,0.3
495,2016,15 - 24 years,Both sexes,18.3,18.2,-0.1
496,2016,15 - 24 years,Female,8.8,10.2,1.4
497,2016,15 - 24 years,Male,9.5,8.0,-1.5
498,2016,25 - 44 years,Both sexes,31.3,44.7,13.5
499,2016,25 - 44 years,Female,17.4,21.6,4.3
500,2016,25 - 44 years,Male,13.9,23.1,9.2
501,2016,45 - 64 years,Both sexes,4.6,7.1,2.5
502,2016,45 - 64 years,Female,2.4,3.1,0.7
503,2016,45 - 64 years,Male,2.2,4.0,1.8
504,2016,65 years and over,Both sexes,1.7,2.4,0.7
505,2016,65 years and over,Female,1.0,1.3,0.3
506,2016,65 years and over,Male,0.7,1.1,0.4
507,2016,All ages,Both sexes,66.2,82.3,16.2
508,2016,All ages,Female,35.1,41.2,6.0
509,2016,All ages,Male,31.0,41.2,10.1
510,2017,0 - 14 years,Both sexes,6.0,10.4,4.4
511,2017,0 - 14 years,Female,2.9,5.5,2.7
512,2017,0 - 14 years,Male,3.1,4.9,1.8
513,2017,15 - 24 years,Both sexes,14.9,19.5,4.6
514,2017,15 - 24 years,Female,7.6,10.4,2.8
515,2017,15 - 24 years,Male,7.2,9.1,1.9
516,2017,25 - 44 years,Both sexes,31.2,49.2,18.0
517,2017,25 - 44 years,Female,14.7,24.1,9.4
518,2017,25 - 44 years,Male,16.6,25.1,8.6
519,2017,45 - 64 years,Both sexes,2.8,11.5,8.7
520,2017,45 - 64 years,Female,0.9,5.7,4.8
521,2017,45 - 64 years,Male,1.9,5.9,3.9
522,2017,65 years and over,Both sexes,1.2,4.6,3.4
523,2017,65 years and over,Female,0.5,2.3,1.8
524,2017,65 years and over,Male,0.7,2.3,1.6
525,2017,All ages,Both sexes,56.1,95.3,39.2
526,2017,All ages,Female,26.6,48.0,21.4
527,2017,All ages,Male,29.5,47.3,17.7
528,2018,0 - 14 years,Both sexes,5.3,11.6,6.4
529,2018,0 - 14 years,Female,3.0,5.7,2.7
530,2018,0 - 14 years,Male,2.2,5.9,3.7
531,2018,15 - 24 years,Both sexes,11.8,24.7,12.9
532,2018,15 - 24 years,Female,6.6,12.9,6.4
533,2018,15 - 24 years,Male,5.2,11.7,6.6
534,2018,25 - 44 years,Both sexes,26.7,45.5,18.9
535,2018,25 - 44 years,Female,13.8,23.1,9.3
536,2018,25 - 44 years,Male,12.9,22.5,9.6
537,2018,45 - 64 years,Both sexes,6.5,9.5,3.0
538,2018,45 - 64 years,Female,3.5,4.7,1.2
539,2018,45 - 64 years,Male,3.1,4.8,1.7
540,2018,65 years and over,Both sexes,1.4,4.7,3.2
541,2018,65 years and over,Female,0.8,2.2,1.5
542,2018,65 years and over,Male,0.7,2.4,1.8
543,2018,All ages,Both sexes,51.6,96.0,44.4
544,2018,All ages,Female,27.6,48.7,21.1
545,2018,All ages,Male,24.0,47.3,23.3
546,2019,0 - 14 years,Both sexes,5.3,11.1,5.7
547,2019,0 - 14 years,Female,2.9,4.8,1.9
548,2019,0 - 14 years,Male,2.5,6.3,3.8
549,2019,15 - 24 years,Both sexes,17.2,22.2,5.1
550,2019,15 - 24 years,Female,8.7,12.5,3.9
551,2019,15 - 24 years,Male,8.5,9.7,1.2
552,2019,25 - 44 years,Both sexes,25.8,48.8,23.0
553,2019,25 - 44 years,Female,12.0,23.1,11.1
554,2019,25 - 44 years,Male,13.9,25.8,11.9
555,2019,45 - 64 years,Both sexes,3.4,10.8,7.4
556,2019,45 - 64 years,Female,1.9,5.3,3.4
557,2019,45 - 64 years,Male,1.6,5.5,4.0
558,2019,65 years and over,Both sexes,1.4,4.2,2.8
559,2019,65 years and over,Female,0.8,2.5,1.6
560,2019,65 years and over,Male,0.5,1.8,1.2
561,2019,All ages,Both sexes,53.1,97.1,44.0
562,2019,All ages,Female,26.2,48.1,21.9
563,2019,All ages,Male,26.9,49.0,22.1
564,2020,0 - 14 years,Both sexes,6.6,10.6,4.0
565,2020,0 - 14 years,Female,3.8,5.1,1.4
566,2020,0 - 14 years,Male,2.9,5.5,2.6
567,2020,15 - 24 years,Both sexes,15.4,22.0,6.6
568,2020,15 - 24 years,Female,8.8,12.2,3.5
569,2020,15 - 24 years,Male,6.6,9.8,3.2
570,2020,25 - 44 years,Both sexes,26.0,51.0,25.0
571,2020,25 - 44 years,Female,12.0,25.1,13.0
572,2020,25 - 44 years,Male,14.0,25.9,12.0
573,2020,45 - 64 years,Both sexes,2.4,9.3,6.9
574,2020,45 - 64 years,Female,0.7,5.1,4.5
575,2020,45 - 64 years,Male,1.8,4.2,2.4
576,2020,65 years and over,Both sexes,0.4,2.7,2.2
577,2020,65 years and over,Female,0.3,1.1,0.9
578,2020,65 years and over,Male,0.2,1.5,1.4
579,2020,All ages,Both sexes,50.9,95.6,44.7
580,2020,All ages,Female,25.5,48.7,23.2
581,2020,All ages,Male,25.4,46.9,21.5
582,2021,0 - 14 years,Both sexes,4.7,7.5,2.8
583,2021,0 - 14 years,Female,2.0,4.2,2.2
584,2021,0 - 14 years,Male,2.7,3.3,0.6
585,2021,15 - 24 years,Both sexes,19.1,13.7,-5.4
586,2021,15 - 24 years,Female,10.2,7.7,-2.4
587,2021,15 - 24 years,Male,8.9,6.0,-2.9
588,2021,25 - 44 years,Both sexes,19.8,39.4,19.6
589,2021,25 - 44 years,Female,9.5,21.2,11.7
590,2021,25 - 44 years,Male,10.3,18.1,7.9
591,2021,45 - 64 years,Both sexes,5.6,10.4,4.8
592,2021,45 - 64 years,Female,3.5,3.2,-0.3
593,2021,45 - 64 years,Male,2.1,7.1,5.1
594,2021,65 years and over,Both sexes,3.2,3.1,0.0
595,2021,65 years and over,Female,1.8,1.6,-0.2
596,2021,65 years and over,Male,1.4,1.6,0.2
597,2021,All ages,Both sexes,52.3,74.1,21.8
598,2021,All ages,Female,26.9,37.9,11.0
599,2021,All ages,Male,25.4,36.2,10.8
600,2022,0 - 14 years,Both sexes,3.4,16.4,13.0
601,2022,0 - 14 years,Female,1.3,8.0,6.7
602,2022,0 - 14 years,Male,2.1,8.4,6.3
603,2022,15 - 24 years,Both sexes,21.1,20.9,-0.1
604,2022,15 - 24 years,Female,11.0,11.8,0.7
605,2022,15 - 24 years,Male,10.0,9.1,-0.9
606,2022,25 - 44 years,Both sexes,21.5,53.8,32.2
607,2022,25 - 44 years,Female,8.6,29.3,20.8
608,2022,25 - 44 years,Male,13.0,24.4,11.4
609,2022,45 - 64 years,Both sexes,7.4,12.7,5.3
610,2022,45 - 64 years,Female,4.1,7.1,3.0
611,2022,45 - 64 years,Male,3.3,5.6,2.3
612,2022,65 years and over,Both sexes,2.6,4.1,1.4
613,2022,65 years and over,Female,1.5,2.4,0.9
614,2022,65 years and over,Male,1.1,1.7,0.5
615,2022,All ages,Both sexes,56.1,107.8,51.7
616,2022,All ages,Female,26.5,58.6,32.1
617,2022,All ages,Male,29.6,49.2,19.6
618,2023,0 - 14 years,Both sexes,5.5,21.8,16.3
619,2023,0 - 14 years,Female,2.6,10.8,8.2
620,2023,0 - 14 years,Male,2.9,11.1,8.2
621,2023,15 - 24 years,Both sexes,19.9,23.8,3.9
622,2023,15 - 24 years,Female,12.3,13.7,1.4
623,2023,15 - 24 years,Male,7.5,10.0,2.5
624,2023,25 - 44 years,Both sexes,32.3,75.1,42.7
625,2023,25 - 44 years,Female,15.2,38.2,23.1
626,2023,25 - 44 years,Male,17.2,36.8,19.6
627,2023,45 - 64 years,Both sexes,5.3,16.9,11.7
628,2023,45 - 64 years,Female,2.2,10.3,8.1
629,2023,45 - 64 years,Male,3.0,6.6,3.6
630,2023,65 years and over,Both sexes,1.0,4.0,3.0
631,2023,65 years and over,Female,0.6,2.5,1.8
632,2023,65 years and over,Male,0.4,1.5,1.1
633,2023,All ages,Both sexes,64.0,141.6,77.7
634,2023,All ages,Female,32.9,75.5,42.6
635,2023,All ages,Male,31.0,66.1,35.1
