,year,age_group,sex,value
0,1950,Under 1 year,Both sexes,61.1
1,1950,Under 1 year,Male,31.4
2,1950,Under 1 year,Female,29.7
6,1950,0 - 14 years,Both sexes,851.2
7,1950,0 - 14 years,Male,434.6
8,1950,0 - 14 years,Female,416.6
9,1950,1 - 4 years,Both sexes,249.1
10,1950,1 - 4 years,Male,127.5
11,1950,1 - 4 years,Female,121.6
21,1950,15 - 24 years,Both sexes,452.6
22,1950,15 - 24 years,Male,234.9
23,1950,15 - 24 years,Female,217.7
24,1950,15 years and over,Both sexes,2117.8
25,1950,15 years and over,Male,1075.4
26,1950,15 years and over,Female,1042.4
33,1950,25 - 44 years,Both sexes,773.6
34,1950,25 - 44 years,Male,393.4
35,1950,25 - 44 years,Female,380.2
48,1950,45 - 64 years,Both sexes,574.5
49,1950,45 - 64 years,Male,291.3
50,1950,45 - 64 years,Female,283.2
63,1950,65 years and over,Both sexes,317.1
64,1950,65 years and over,Male,155.8
65,1950,65 years and over,Female,161.3
78,1950,All ages,Both sexes,2969.0
79,1950,All ages,Male,1510.0
80,1950,All ages,Female,1459.0
81,1951,Under 1 year,Both sexes,63.6
82,1951,Under 1 year,Male,32.6
83,1951,Under 1 year,Female,30.9
87,1951,0 - 14 years,Both sexes,854.8
88,1951,0 - 14 years,Male,436.4
89,1951,0 - 14 years,Female,418.4
90,1951,1 - 4 years,Both sexes,249.3
91,1951,1 - 4 years,Male,127.6
92,1951,1 - 4 years,Female,121.7
102,1951,15 - 24 years,Both sexes,443.4
103,1951,15 - 24 years,Male,231.1
104,1951,15 - 24 years,Female,212.2
105,1951,15 years and over,Both sexes,2105.8
106,1951,15 years and over,Male,1070.2
107,1951,15 years and over,Female,1035.6
114,1951,25 - 44 years,Both sexes,771.2
115,1951,25 - 44 years,Male,392.3
116,1951,25 - 44 years,Female,378.9
129,1951,45 - 64 years,Both sexes,574.8
130,1951,45 - 64 years,Male,291.7
131,1951,45 - 64 years,Female,283.1
144,1951,65 years and over,Both sexes,316.4
145,1951,65 years and over,Male,155.0
146,1951,65 years and over,Female,161.4
159,1951,All ages,Both sexes,2960.6
160,1951,All ages,Male,1506.6
161,1951,All ages,Female,1454.0
162,1952,Under 1 year,Both sexes,61.9
163,1952,Under 1 year,Male,31.5
164,1952,Under 1 year,Female,30.4
168,1952,0 - 14 years,Both sexes,859.6
169,1952,0 - 14 years,Male,438.8
170,1952,0 - 14 years,Female,420.8
171,1952,1 - 4 years,Both sexes,248.4
172,1952,1 - 4 years,Male,127.2
173,1952,1 - 4 years,Female,121.2
183,1952,15 - 24 years,Both sexes,437.5
184,1952,15 - 24 years,Male,227.8
185,1952,15 - 24 years,Female,209.7
186,1952,15 years and over,Both sexes,2093.3
187,1952,15 years and over,Male,1062.1
188,1952,15 years and over,Female,1031.2
195,1952,25 - 44 years,Both sexes,760.3
196,1952,25 - 44 years,Male,385.2
197,1952,25 - 44 years,Female,375.1
210,1952,45 - 64 years,Both sexes,578.6
211,1952,45 - 64 years,Male,293.8
212,1952,45 - 64 years,Female,284.8
225,1952,65 years and over,Both sexes,316.9
226,1952,65 years and over,Male,155.3
227,1952,65 years and over,Female,161.6
240,1952,All ages,Both sexes,2952.9
241,1952,All ages,Male,1500.9
242,1952,All ages,Female,1452.0
243,1953,Under 1 year,Both sexes,60.1
244,1953,Under 1 year,Male,30.8
245,1953,Under 1 year,Female,29.3
249,1953,0 - 14 years,Both sexes,865.3
250,1953,0 - 14 years,Male,441.9
251,1953,0 - 14 years,Female,423.4
252,1953,1 - 4 years,Both sexes,248.1
253,1953,1 - 4 years,Male,126.7
254,1953,1 - 4 years,Female,121.4
264,1953,15 - 24 years,Both sexes,432.3
265,1953,15 - 24 years,Male,224.9
266,1953,15 - 24 years,Female,207.4
267,1953,15 years and over,Both sexes,2083.7
268,1953,15 years and over,Male,1056.0
269,1953,15 years and over,Female,1027.7
276,1953,25 - 44 years,Both sexes,750.6
277,1953,25 - 44 years,Male,378.8
278,1953,25 - 44 years,Female,371.8
291,1953,45 - 64 years,Both sexes,583.0
292,1953,45 - 64 years,Male,296.4
293,1953,45 - 64 years,Female,286.6
306,1953,65 years and over,Both sexes,317.8
307,1953,65 years and over,Male,155.9
308,1953,65 years and over,Female,161.9
321,1953,All ages,Both sexes,2949.0
322,1953,All ages,Male,1497.9
323,1953,All ages,Female,1451.1
324,1954,Under 1 year,Both sexes,60.1
325,1954,Under 1 year,Male,30.6
326,1954,Under 1 year,Female,29.5
330,1954,0 - 14 years,Both sexes,870.0
331,1954,0 - 14 years,Male,444.4
332,1954,0 - 14 years,Female,425.6
333,1954,1 - 4 years,Both sexes,245.8
334,1954,1 - 4 years,Male,125.6
335,1954,1 - 4 years,Female,120.2
345,1954,15 - 24 years,Both sexes,426.5
346,1954,15 - 24 years,Male,221.7
347,1954,15 - 24 years,Female,204.8
348,1954,15 years and over,Both sexes,2071.2
349,1954,15 years and over,Male,1048.6
350,1954,15 years and over,Female,1022.6
357,1954,25 - 44 years,Both sexes,739.7
358,1954,25 - 44 years,Male,371.9
359,1954,25 - 44 years,Female,367.8
372,1954,45 - 64 years,Both sexes,586.7
373,1954,45 - 64 years,Male,298.7
374,1954,45 - 64 years,Female,288.0
387,1954,65 years and over,Both sexes,318.3
388,1954,65 years and over,Male,156.3
389,1954,65 years and over,Female,162.0
402,1954,All ages,Both sexes,2941.2
403,1954,All ages,Male,1493.0
404,1954,All ages,Female,1448.2
405,1955,Under 1 year,Both sexes,59.3
406,1955,Under 1 year,Male,30.1
407,1955,Under 1 year,Female,29.2
411,1955,0 - 14 years,Both sexes,871.0
412,1955,0 - 14 years,Male,444.2
413,1955,0 - 14 years,Female,426.8
414,1955,1 - 4 years,Both sexes,242.8
415,1955,1 - 4 years,Male,123.7
416,1955,1 - 4 years,Female,119.1
426,1955,15 - 24 years,Both sexes,419.0
427,1955,15 - 24 years,Male,217.2
428,1955,15 - 24 years,Female,201.8
429,1955,15 years and over,Both sexes,2049.9
430,1955,15 years and over,Male,1034.9
431,1955,15 years and over,Female,1015.0
438,1955,25 - 44 years,Both sexes,725.8
439,1955,25 - 44 years,Male,362.8
440,1955,25 - 44 years,Female,363.0
453,1955,45 - 64 years,Both sexes,587.4
454,1955,45 - 64 years,Male,299.1
455,1955,45 - 64 years,Female,288.3
468,1955,65 years and over,Both sexes,317.7
469,1955,65 years and over,Male,155.8
470,1955,65 years and over,Female,161.9
483,1955,All ages,Both sexes,2920.9
484,1955,All ages,Male,1479.1
485,1955,All ages,Female,1441.8
486,1956,Under 1 year,Both sexes,58.9
487,1956,Under 1 year,Male,30.2
488,1956,Under 1 year,Female,28.7
492,1956,0 - 14 years,Both sexes,870.8
493,1956,0 - 14 years,Male,443.2
494,1956,0 - 14 years,Female,427.6
495,1956,1 - 4 years,Both sexes,239.2
496,1956,1 - 4 years,Male,121.1
497,1956,1 - 4 years,Female,118.1
507,1956,15 - 24 years,Both sexes,411.2
508,1956,15 - 24 years,Male,212.4
509,1956,15 - 24 years,Female,198.8
510,1956,15 years and over,Both sexes,2027.7
511,1956,15 years and over,Male,1019.9
512,1956,15 years and over,Female,1007.8
519,1956,25 - 44 years,Both sexes,711.6
520,1956,25 - 44 years,Male,353.4
521,1956,25 - 44 years,Female,358.2
534,1956,45 - 64 years,Both sexes,588.3
535,1956,45 - 64 years,Male,299.0
536,1956,45 - 64 years,Female,289.3
549,1956,65 years and over,Both sexes,316.6
550,1956,65 years and over,Male,155.1
551,1956,65 years and over,Female,161.5
564,1956,All ages,Both sexes,2898.5
565,1956,All ages,Male,1463.1
566,1956,All ages,Female,1435.4
567,1957,Under 1 year,Both sexes,59.5
568,1957,Under 1 year,Male,30.3
569,1957,Under 1 year,Female,29.2
573,1957,0 - 14 years,Both sexes,873.1
574,1957,0 - 14 years,Male,445.1
575,1957,0 - 14 years,Female,428.0
576,1957,1 - 4 years,Both sexes,239.5
577,1957,1 - 4 years,Male,121.7
578,1957,1 - 4 years,Female,117.8
588,1957,15 - 24 years,Both sexes,407.7
589,1957,15 - 24 years,Male,210.4
590,1957,15 - 24 years,Female,197.3
591,1957,15 years and over,Both sexes,2012.2
592,1957,15 years and over,Male,1011.0
593,1957,15 years and over,Female,1001.2
600,1957,25 - 44 years,Both sexes,696.7
601,1957,25 - 44 years,Male,345.9
602,1957,25 - 44 years,Female,350.8
615,1957,45 - 64 years,Both sexes,591.2
616,1957,45 - 64 years,Male,300.5
617,1957,45 - 64 years,Female,290.7
630,1957,65 years and over,Both sexes,316.6
631,1957,65 years and over,Male,154.2
632,1957,65 years and over,Female,162.4
645,1957,All ages,Both sexes,2885.3
646,1957,All ages,Male,1456.1
647,1957,All ages,Female,1429.2
648,1958,Under 1 year,Both sexes,57.7
649,1958,Under 1 year,Male,29.4
650,1958,Under 1 year,Female,28.3
654,1958,0 - 14 years,Both sexes,869.5
655,1958,0 - 14 years,Male,443.9
656,1958,0 - 14 years,Female,425.6
657,1958,1 - 4 years,Both sexes,240.1
658,1958,1 - 4 years,Male,122.2
659,1958,1 - 4 years,Female,117.9
669,1958,15 - 24 years,Both sexes,401.5
670,1958,15 - 24 years,Male,206.9
671,1958,15 - 24 years,Female,194.6
672,1958,15 years and over,Both sexes,1983.2
673,1958,15 years and over,Male,995.0
674,1958,15 years and over,Female,988.2
681,1958,25 - 44 years,Both sexes,677.4
682,1958,25 - 44 years,Male,336.1
683,1958,25 - 44 years,Female,341.3
696,1958,45 - 64 years,Both sexes,589.8
697,1958,45 - 64 years,Male,299.8
698,1958,45 - 64 years,Female,290.0
711,1958,65 years and over,Both sexes,314.5
712,1958,65 years and over,Male,152.2
713,1958,65 years and over,Female,162.3
726,1958,All ages,Both sexes,2852.7
727,1958,All ages,Male,1438.9
728,1958,All ages,Female,1413.8
729,1959,Under 1 year,Both sexes,58.6
730,1959,Under 1 year,Male,29.7
731,1959,Under 1 year,Female,28.9
735,1959,0 - 14 years,Both sexes,873.5
736,1959,0 - 14 years,Male,446.6
737,1959,0 - 14 years,Female,426.9
738,1959,1 - 4 years,Both sexes,240.7
739,1959,1 - 4 years,Male,122.9
740,1959,1 - 4 years,Female,117.8
750,1959,15 - 24 years,Both sexes,398.6
751,1959,15 - 24 years,Male,205.0
752,1959,15 - 24 years,Female,193.6
753,1959,15 years and over,Both sexes,1972.1
754,1959,15 years and over,Male,988.0
755,1959,15 years and over,Female,984.1
762,1959,25 - 44 years,Both sexes,664.4
763,1959,25 - 44 years,Male,329.5
764,1959,25 - 44 years,Female,334.9
777,1959,45 - 64 years,Both sexes,593.9
778,1959,45 - 64 years,Male,301.9
779,1959,45 - 64 years,Female,292.0
792,1959,65 years and over,Both sexes,315.2
793,1959,65 years and over,Male,151.6
794,1959,65 years and over,Female,163.6
807,1959,All ages,Both sexes,2845.6
808,1959,All ages,Male,1434.6
809,1959,All ages,Female,1411.0
810,1960,Under 1 year,Both sexes,59.3
811,1960,Under 1 year,Male,30.3
812,1960,Under 1 year,Female,29.0
816,1960,0 - 14 years,Both sexes,875.5
817,1960,0 - 14 years,Male,448.2
818,1960,0 - 14 years,Female,427.3
819,1960,1 - 4 years,Both sexes,240.8
820,1960,1 - 4 years,Male,122.9
821,1960,1 - 4 years,Female,117.9
831,1960,15 - 24 years,Both sexes,395.4
832,1960,15 - 24 years,Male,203.2
833,1960,15 - 24 years,Female,192.2
834,1960,15 years and over,Both sexes,1956.6
835,1960,15 years and over,Male,978.9
836,1960,15 years and over,Female,977.7
843,1960,25 - 44 years,Both sexes,649.7
844,1960,25 - 44 years,Male,321.9
845,1960,25 - 44 years,Female,327.8
858,1960,45 - 64 years,Both sexes,596.4
859,1960,45 - 64 years,Male,303.1
860,1960,45 - 64 years,Female,293.3
873,1960,65 years and over,Both sexes,315.1
874,1960,65 years and over,Male,150.7
875,1960,65 years and over,Female,164.4
888,1960,All ages,Both sexes,2832.1
889,1960,All ages,Male,1427.1
890,1960,All ages,Female,1405.0
891,1961,Under 1 year,Both sexes,62.8
892,1961,Under 1 year,Male,32.1
893,1961,Under 1 year,Female,30.6
897,1961,0 - 14 years,Both sexes,877.3
898,1961,0 - 14 years,Male,448.7
899,1961,0 - 14 years,Female,428.5
900,1961,1 - 4 years,Both sexes,238.0
901,1961,1 - 4 years,Male,121.3
902,1961,1 - 4 years,Female,116.7
912,1961,15 - 24 years,Both sexes,391.8
913,1961,15 - 24 years,Male,200.8
914,1961,15 - 24 years,Female,191.1
915,1961,15 years and over,Both sexes,1941.1
916,1961,15 years and over,Male,967.8
917,1961,15 years and over,Female,973.3
924,1961,25 - 44 years,Both sexes,635.3
925,1961,25 - 44 years,Male,314.0
926,1961,25 - 44 years,Female,321.3
939,1961,45 - 64 years,Both sexes,598.9
940,1961,45 - 64 years,Male,303.8
941,1961,45 - 64 years,Female,295.2
954,1961,65 years and over,Both sexes,315.1
955,1961,65 years and over,Male,149.3
956,1961,65 years and over,Female,165.8
969,1961,All ages,Both sexes,2818.3
970,1961,All ages,Male,1416.5
971,1961,All ages,Female,1401.8
972,1962,Under 1 year,Both sexes,60.5
973,1962,Under 1 year,Male,30.9
974,1962,Under 1 year,Female,29.6
978,1962,0 - 14 years,Both sexes,881.5
979,1962,0 - 14 years,Male,450.9
980,1962,0 - 14 years,Female,430.6
981,1962,1 - 4 years,Both sexes,243.2
982,1962,1 - 4 years,Male,124.1
983,1962,1 - 4 years,Female,119.1
993,1962,15 - 24 years,Both sexes,402.1
994,1962,15 - 24 years,Male,206.1
995,1962,15 - 24 years,Female,196.0
996,1962,15 years and over,Both sexes,1948.6
997,1962,15 years and over,Male,971.9
998,1962,15 years and over,Female,976.7
1005,1962,25 - 44 years,Both sexes,630.7
1006,1962,25 - 44 years,Male,312.4
1007,1962,25 - 44 years,Female,318.3
1020,1962,45 - 64 years,Both sexes,599.3
1021,1962,45 - 64 years,Male,304.0
1022,1962,45 - 64 years,Female,295.3
1035,1962,65 years and over,Both sexes,316.5
1036,1962,65 years and over,Male,149.4
1037,1962,65 years and over,Female,167.1
1050,1962,All ages,Both sexes,2830.1
1051,1962,All ages,Male,1422.8
1052,1962,All ages,Female,1407.3
1053,1963,Under 1 year,Both sexes,62.1
1054,1963,Under 1 year,Male,31.8
1055,1963,Under 1 year,Female,30.3
1059,1963,0 - 14 years,Both sexes,888.1
1060,1963,0 - 14 years,Male,454.0
1061,1963,0 - 14 years,Female,434.1
1062,1963,1 - 4 years,Both sexes,245.3
1063,1963,1 - 4 years,Male,125.1
1064,1963,1 - 4 years,Female,120.2
1074,1963,15 - 24 years,Both sexes,413.5
1075,1963,15 - 24 years,Male,212.0
1076,1963,15 - 24 years,Female,201.5
1077,1963,15 years and over,Both sexes,1961.9
1078,1963,15 years and over,Male,978.7
1079,1963,15 years and over,Female,983.2
1086,1963,25 - 44 years,Both sexes,627.9
1087,1963,25 - 44 years,Male,311.6
1088,1963,25 - 44 years,Female,316.3
1101,1963,45 - 64 years,Both sexes,601.5
1102,1963,45 - 64 years,Male,305.1
1103,1963,45 - 64 years,Female,296.4
1116,1963,65 years and over,Both sexes,319.0
1117,1963,65 years and over,Male,150.0
1118,1963,65 years and over,Female,169.0
1131,1963,All ages,Both sexes,2850.0
1132,1963,All ages,Male,1432.7
1133,1963,All ages,Female,1417.3
1134,1964,Under 1 year,Both sexes,62.9
1135,1964,Under 1 year,Male,32.1
1136,1964,Under 1 year,Female,30.8
1140,1964,0 - 14 years,Both sexes,893.0
1141,1964,0 - 14 years,Male,456.3
1142,1964,0 - 14 years,Female,436.7
1143,1964,1 - 4 years,Both sexes,247.6
1144,1964,1 - 4 years,Male,126.4
1145,1964,1 - 4 years,Female,121.2
1155,1964,15 - 24 years,Both sexes,424.3
1156,1964,15 - 24 years,Male,217.6
1157,1964,15 - 24 years,Female,206.7
1158,1964,15 years and over,Both sexes,1970.8
1159,1964,15 years and over,Male,983.5
1160,1964,15 years and over,Female,987.3
1167,1964,25 - 44 years,Both sexes,623.9
1168,1964,25 - 44 years,Male,310.3
1169,1964,25 - 44 years,Female,313.6
1182,1964,45 - 64 years,Both sexes,602.1
1183,1964,45 - 64 years,Male,305.5
1184,1964,45 - 64 years,Female,296.6
1197,1964,65 years and over,Both sexes,320.5
1198,1964,65 years and over,Male,150.1
1199,1964,65 years and over,Female,170.4
1212,1964,All ages,Both sexes,2863.8
1213,1964,All ages,Male,1439.8
1214,1964,All ages,Female,1424.0
1215,1965,Under 1 year,Both sexes,62.4
1216,1965,Under 1 year,Male,31.8
1217,1965,Under 1 year,Female,30.6
1221,1965,0 - 14 years,Both sexes,897.2
1222,1965,0 - 14 years,Male,458.3
1223,1965,0 - 14 years,Female,438.9
1224,1965,1 - 4 years,Both sexes,251.0
1225,1965,1 - 4 years,Male,128.3
1226,1965,1 - 4 years,Female,122.7
1236,1965,15 - 24 years,Both sexes,434.7
1237,1965,15 - 24 years,Male,223.0
1238,1965,15 - 24 years,Female,211.7
1239,1965,15 years and over,Both sexes,1978.6
1240,1965,15 years and over,Male,987.5
1241,1965,15 years and over,Female,991.1
1248,1965,25 - 44 years,Both sexes,619.4
1249,1965,25 - 44 years,Male,308.7
1250,1965,25 - 44 years,Female,310.7
1263,1965,45 - 64 years,Both sexes,602.6
1264,1965,45 - 64 years,Male,305.7
1265,1965,45 - 64 years,Female,296.9
1278,1965,65 years and over,Both sexes,321.9
1279,1965,65 years and over,Male,150.1
1280,1965,65 years and over,Female,171.8
1293,1965,All ages,Both sexes,2875.8
1294,1965,All ages,Male,1445.8
1295,1965,All ages,Female,1430.0
1296,1966,Under 1 year,Both sexes,63.6
1297,1966,Under 1 year,Male,32.5
1298,1966,Under 1 year,Female,31.1
1302,1966,0 - 14 years,Both sexes,900.4
1303,1966,0 - 14 years,Male,459.4
1304,1966,0 - 14 years,Female,441.0
1305,1966,1 - 4 years,Both sexes,252.3
1306,1966,1 - 4 years,Male,128.8
1307,1966,1 - 4 years,Female,123.5
1317,1966,15 - 24 years,Both sexes,444.6
1318,1966,15 - 24 years,Male,228.1
1319,1966,15 - 24 years,Female,216.6
1320,1966,15 years and over,Both sexes,1983.6
1321,1966,15 years and over,Male,989.6
1322,1966,15 years and over,Female,994.0
1329,1966,25 - 44 years,Both sexes,613.6
1330,1966,25 - 44 years,Male,306.2
1331,1966,25 - 44 years,Female,307.4
1344,1966,45 - 64 years,Both sexes,602.4
1345,1966,45 - 64 years,Male,305.4
1346,1966,45 - 64 years,Female,297.0
1359,1966,65 years and over,Both sexes,323.0
1360,1966,65 years and over,Male,149.9
1361,1966,65 years and over,Female,173.1
1374,1966,All ages,Both sexes,2884.0
1375,1966,All ages,Male,1449.0
1376,1966,All ages,Female,1435.0
1377,1967,Under 1 year,Both sexes,60.2
1378,1967,Under 1 year,Male,31.0
1379,1967,Under 1 year,Female,29.2
1383,1967,0 - 14 years,Both sexes,905.3
1384,1967,0 - 14 years,Male,462.1
1385,1967,0 - 14 years,Female,443.2
1386,1967,1 - 4 years,Both sexes,255.4
1387,1967,1 - 4 years,Male,130.3
1388,1967,1 - 4 years,Female,125.1
1398,1967,15 - 24 years,Both sexes,451.7
1399,1967,15 - 24 years,Male,231.5
1400,1967,15 - 24 years,Female,220.2
1401,1967,15 years and over,Both sexes,1994.4
1402,1967,15 years and over,Male,994.9
1403,1967,15 years and over,Female,999.5
1410,1967,25 - 44 years,Both sexes,615.7
1411,1967,25 - 44 years,Male,308.1
1412,1967,25 - 44 years,Female,307.6
1425,1967,45 - 64 years,Both sexes,602.9
1426,1967,45 - 64 years,Male,305.4
1427,1967,45 - 64 years,Female,297.5
1440,1967,65 years and over,Both sexes,324.1
1441,1967,65 years and over,Male,149.9
1442,1967,65 years and over,Female,174.2
1455,1967,All ages,Both sexes,2899.7
1456,1967,All ages,Male,1457.0
1457,1967,All ages,Female,1442.7
1458,1968,Under 1 year,Both sexes,60.1
1459,1968,Under 1 year,Male,30.9
1460,1968,Under 1 year,Female,29.2
1464,1968,0 - 14 years,Both sexes,909.4
1465,1968,0 - 14 years,Male,464.3
1466,1968,0 - 14 years,Female,445.1
1467,1968,1 - 4 years,Both sexes,254.7
1468,1968,1 - 4 years,Male,130.1
1469,1968,1 - 4 years,Female,124.6
1479,1968,15 - 24 years,Both sexes,458.3
1480,1968,15 - 24 years,Male,234.8
1481,1968,15 - 24 years,Female,223.5
1482,1968,15 years and over,Both sexes,2002.8
1483,1968,15 years and over,Male,999.2
1484,1968,15 years and over,Female,1003.6
1491,1968,25 - 44 years,Both sexes,616.9
1492,1968,25 - 44 years,Male,309.7
1493,1968,25 - 44 years,Female,307.2
1506,1968,45 - 64 years,Both sexes,602.7
1507,1968,45 - 64 years,Male,304.8
1508,1968,45 - 64 years,Female,297.9
1521,1968,65 years and over,Both sexes,324.9
1522,1968,65 years and over,Male,149.9
1523,1968,65 years and over,Female,175.0
1536,1968,All ages,Both sexes,2912.2
1537,1968,All ages,Male,1463.5
1538,1968,All ages,Female,1448.7
1539,1969,Under 1 year,Both sexes,62.0
1540,1969,Under 1 year,Male,31.6
1541,1969,Under 1 year,Female,30.4
1545,1969,0 - 14 years,Both sexes,913.3
1546,1969,0 - 14 years,Male,466.3
1547,1969,0 - 14 years,Female,447.0
1548,1969,1 - 4 years,Both sexes,251.9
1549,1969,1 - 4 years,Male,129.0
1550,1969,1 - 4 years,Female,122.9
1560,1969,15 - 24 years,Both sexes,464.9
1561,1969,15 - 24 years,Male,237.9
1562,1969,15 - 24 years,Female,227.0
1563,1969,15 years and over,Both sexes,2011.9
1564,1969,15 years and over,Male,1003.7
1565,1969,15 years and over,Female,1008.2
1572,1969,25 - 44 years,Both sexes,618.1
1573,1969,25 - 44 years,Male,311.0
1574,1969,25 - 44 years,Female,307.1
1587,1969,45 - 64 years,Both sexes,602.9
1588,1969,45 - 64 years,Male,304.6
1589,1969,45 - 64 years,Female,298.3
1602,1969,65 years and over,Both sexes,326.0
1603,1969,65 years and over,Male,150.2
1604,1969,65 years and over,Female,175.8
1617,1969,All ages,Both sexes,2925.2
1618,1969,All ages,Male,1470.0
1619,1969,All ages,Female,1455.2
1620,1970,Under 1 year,Both sexes,63.5
1621,1970,Under 1 year,Male,30.9
1622,1970,Under 1 year,Female,32.6
1626,1970,0 - 14 years,Both sexes,921.2
1627,1970,0 - 14 years,Male,470.6
1628,1970,0 - 14 years,Female,450.6
1629,1970,1 - 4 years,Both sexes,250.9
1630,1970,1 - 4 years,Male,130.2
1631,1970,1 - 4 years,Female,120.7
1641,1970,15 - 24 years,Both sexes,473.4
1642,1970,15 - 24 years,Male,242.1
1643,1970,15 - 24 years,Female,231.3
1644,1970,15 years and over,Both sexes,2028.7
1645,1970,15 years and over,Male,1011.3
1646,1970,15 years and over,Female,1017.4
1653,1970,25 - 44 years,Both sexes,621.7
1654,1970,25 - 44 years,Male,313.5
1655,1970,25 - 44 years,Female,308.2
1668,1970,45 - 64 years,Both sexes,605.1
1669,1970,45 - 64 years,Male,305.1
1670,1970,45 - 64 years,Female,300.0
1683,1970,65 years and over,Both sexes,328.5
1684,1970,65 years and over,Male,150.6
1685,1970,65 years and over,Female,177.9
1698,1970,All ages,Both sexes,2949.9
1699,1970,All ages,Male,1481.9
1700,1970,All ages,Female,1468.0
1701,1971,Under 1 year,Both sexes,64.9
1702,1971,Under 1 year,Male,33.3
1703,1971,Under 1 year,Female,31.6
1707,1971,0 - 14 years,Both sexes,931.2
1708,1971,0 - 14 years,Male,475.8
1709,1971,0 - 14 years,Female,455.4
1710,1971,1 - 4 years,Both sexes,250.8
1711,1971,1 - 4 years,Male,128.6
1712,1971,1 - 4 years,Female,122.2
1722,1971,15 - 24 years,Both sexes,483.0
1723,1971,15 - 24 years,Male,246.7
1724,1971,15 - 24 years,Female,236.2
1725,1971,15 years and over,Both sexes,2047.1
1726,1971,15 years and over,Male,1020.0
1727,1971,15 years and over,Female,1027.1
1734,1971,25 - 44 years,Both sexes,626.2
1735,1971,25 - 44 years,Male,316.5
1736,1971,25 - 44 years,Female,309.7
1749,1971,45 - 64 years,Both sexes,608.1
1750,1971,45 - 64 years,Male,306.1
1751,1971,45 - 64 years,Female,302.0
1764,1971,65 years and over,Both sexes,329.8
1765,1971,65 years and over,Male,150.6
1766,1971,65 years and over,Female,179.2
1779,1971,All ages,Both sexes,2978.2
1780,1971,All ages,Male,1495.8
1781,1971,All ages,Female,1482.5
1782,1972,Under 1 year,Both sexes,67.4
1783,1972,Under 1 year,Male,34.5
1784,1972,Under 1 year,Female,32.9
1788,1972,0 - 14 years,Both sexes,943.1
1789,1972,0 - 14 years,Male,482.0
1790,1972,0 - 14 years,Female,461.0
1791,1972,1 - 4 years,Both sexes,251.8
1792,1972,1 - 4 years,Male,129.1
1793,1972,1 - 4 years,Female,122.6
1803,1972,15 - 24 years,Both sexes,494.7
1804,1972,15 - 24 years,Male,252.7
1805,1972,15 - 24 years,Female,242.0
1806,1972,15 years and over,Both sexes,2081.6
1807,1972,15 years and over,Male,1037.0
1808,1972,15 years and over,Female,1044.3
1815,1972,25 - 44 years,Both sexes,646.0
1816,1972,25 - 44 years,Male,327.0
1817,1972,25 - 44 years,Female,318.9
1830,1972,45 - 64 years,Both sexes,607.3
1831,1972,45 - 64 years,Male,305.3
1832,1972,45 - 64 years,Female,301.9
1845,1972,65 years and over,Both sexes,333.6
1846,1972,65 years and over,Male,152.0
1847,1972,65 years and over,Female,181.5
1860,1972,All ages,Both sexes,3024.4
1861,1972,All ages,Male,1519.1
1862,1972,All ages,Female,1505.3
1863,1973,Under 1 year,Both sexes,68.5
1864,1973,Under 1 year,Male,35.3
1865,1973,Under 1 year,Female,33.2
1869,1973,0 - 14 years,Both sexes,955.5
1870,1973,0 - 14 years,Male,488.6
1871,1973,0 - 14 years,Female,467.0
1872,1973,1 - 4 years,Both sexes,254.3
1873,1973,1 - 4 years,Male,130.2
1874,1973,1 - 4 years,Female,124.2
1884,1973,15 - 24 years,Both sexes,506.9
1885,1973,15 - 24 years,Male,258.9
1886,1973,15 - 24 years,Female,248.0
1887,1973,15 years and over,Both sexes,2117.4
1888,1973,15 years and over,Male,1055.0
1889,1973,15 years and over,Female,1062.4
1896,1973,25 - 44 years,Both sexes,666.6
1897,1973,25 - 44 years,Male,337.9
1898,1973,25 - 44 years,Female,328.6
1911,1973,45 - 64 years,Both sexes,606.3
1912,1973,45 - 64 years,Male,304.6
1913,1973,45 - 64 years,Female,301.8
1926,1973,65 years and over,Both sexes,337.6
1927,1973,65 years and over,Male,153.6
1928,1973,65 years and over,Female,184.0
1941,1973,All ages,Both sexes,3073.0
1942,1973,All ages,Male,1543.7
1943,1973,All ages,Female,1529.3
1944,1974,Under 1 year,Both sexes,67.1
1945,1974,Under 1 year,Male,34.3
1946,1974,Under 1 year,Female,32.8
1950,1974,0 - 14 years,Both sexes,968.8
1951,1974,0 - 14 years,Male,495.5
1952,1974,0 - 14 years,Female,473.3
1953,1974,1 - 4 years,Both sexes,259.6
1954,1974,1 - 4 years,Male,133.1
1955,1974,1 - 4 years,Female,126.5
1965,1974,15 - 24 years,Both sexes,519.6
1966,1974,15 - 24 years,Male,265.4
1967,1974,15 - 24 years,Female,254.3
1968,1974,15 years and over,Both sexes,2155.0
1969,1974,15 years and over,Male,1073.8
1970,1974,15 years and over,Female,1080.9
1977,1974,25 - 44 years,Both sexes,688.1
1978,1974,25 - 44 years,Male,349.3
1979,1974,25 - 44 years,Female,338.6
1992,1974,45 - 64 years,Both sexes,605.6
1993,1974,45 - 64 years,Male,303.9
1994,1974,45 - 64 years,Female,301.7
2007,1974,65 years and over,Both sexes,341.7
2008,1974,65 years and over,Male,155.2
2009,1974,65 years and over,Female,186.3
2022,1974,All ages,Both sexes,3123.9
2023,1974,All ages,Male,1569.5
2024,1974,All ages,Female,1554.4
2025,1975,Under 1 year,Both sexes,68.0
2026,1975,Under 1 year,Male,34.9
2027,1975,Under 1 year,Female,33.1
2031,1975,0 - 14 years,Both sexes,982.7
2032,1975,0 - 14 years,Male,502.9
2033,1975,0 - 14 years,Female,479.8
2034,1975,1 - 4 years,Both sexes,262.8
2035,1975,1 - 4 years,Male,134.6
2036,1975,1 - 4 years,Female,128.2
2046,1975,15 - 24 years,Both sexes,533.0
2047,1975,15 - 24 years,Male,272.2
2048,1975,15 - 24 years,Female,260.8
2049,1975,15 years and over,Both sexes,2194.6
2050,1975,15 years and over,Male,1094.1
2051,1975,15 years and over,Female,1100.5
2058,1975,25 - 44 years,Both sexes,710.4
2059,1975,25 - 44 years,Male,361.4
2060,1975,25 - 44 years,Female,349.0
2073,1975,45 - 64 years,Both sexes,605.2
2074,1975,45 - 64 years,Male,303.4
2075,1975,45 - 64 years,Female,301.8
2088,1975,65 years and over,Both sexes,346.0
2089,1975,65 years and over,Male,157.1
2090,1975,65 years and over,Female,188.9
2103,1975,All ages,Both sexes,3177.2
2104,1975,All ages,Male,1597.0
2105,1975,All ages,Female,1580.3
2106,1976,Under 1 year,Both sexes,67.4
2107,1976,Under 1 year,Male,34.6
2108,1976,Under 1 year,Female,32.8
2112,1976,0 - 14 years,Both sexes,995.4
2113,1976,0 - 14 years,Male,509.7
2114,1976,0 - 14 years,Female,485.7
2115,1976,1 - 4 years,Both sexes,267.1
2116,1976,1 - 4 years,Male,136.8
2117,1976,1 - 4 years,Female,130.3
2127,1976,15 - 24 years,Both sexes,545.8
2128,1976,15 - 24 years,Male,278.8
2129,1976,15 - 24 years,Female,267.0
2130,1976,15 years and over,Both sexes,2232.3
2131,1976,15 years and over,Male,1113.1
2132,1976,15 years and over,Female,1119.2
2139,1976,25 - 44 years,Both sexes,732.4
2140,1976,25 - 44 years,Male,373.2
2141,1976,25 - 44 years,Female,359.2
2154,1976,45 - 64 years,Both sexes,603.9
2155,1976,45 - 64 years,Male,302.4
2156,1976,45 - 64 years,Female,301.5
2169,1976,65 years and over,Both sexes,350.2
2170,1976,65 years and over,Male,158.7
2171,1976,65 years and over,Female,191.5
2184,1976,All ages,Both sexes,3227.8
2185,1976,All ages,Male,1622.9
2186,1976,All ages,Female,1605.0
2187,1977,Under 1 year,Both sexes,67.1
2188,1977,Under 1 year,Male,34.5
2189,1977,Under 1 year,Female,32.6
2193,1977,0 - 14 years,Both sexes,1006.0
2194,1977,0 - 14 years,Male,515.1
2195,1977,0 - 14 years,Female,490.9
2196,1977,1 - 4 years,Both sexes,270.3
2197,1977,1 - 4 years,Male,138.3
2198,1977,1 - 4 years,Female,132.0
2208,1977,15 - 24 years,Both sexes,557.8
2209,1977,15 - 24 years,Male,284.9
2210,1977,15 - 24 years,Female,272.9
2211,1977,15 years and over,Both sexes,2265.9
2212,1977,15 years and over,Male,1129.9
2213,1977,15 years and over,Female,1136.0
2220,1977,25 - 44 years,Both sexes,753.3
2221,1977,25 - 44 years,Male,384.3
2222,1977,25 - 44 years,Female,369.0
2235,1977,45 - 64 years,Both sexes,601.1
2236,1977,45 - 64 years,Male,300.7
2237,1977,45 - 64 years,Female,300.4
2250,1977,65 years and over,Both sexes,353.7
2251,1977,65 years and over,Male,160.0
2252,1977,65 years and over,Female,193.7
2265,1977,All ages,Both sexes,3271.9
2266,1977,All ages,Male,1645.0
2267,1977,All ages,Female,1626.9
2268,1978,Under 1 year,Both sexes,68.7
2269,1978,Under 1 year,Male,35.3
2270,1978,Under 1 year,Female,33.4
2274,1978,0 - 14 years,Both sexes,1016.1
2275,1978,0 - 14 years,Male,520.3
2276,1978,0 - 14 years,Female,495.8
2277,1978,1 - 4 years,Both sexes,271.4
2278,1978,1 - 4 years,Male,138.8
2279,1978,1 - 4 years,Female,132.6
2289,1978,15 - 24 years,Both sexes,569.5
2290,1978,15 - 24 years,Male,290.7
2291,1978,15 - 24 years,Female,278.8
2292,1978,15 years and over,Both sexes,2298.0
2293,1978,15 years and over,Male,1145.6
2294,1978,15 years and over,Female,1152.5
2301,1978,25 - 44 years,Both sexes,773.9
2302,1978,25 - 44 years,Male,395.2
2303,1978,25 - 44 years,Female,378.7
2316,1978,45 - 64 years,Both sexes,597.7
2317,1978,45 - 64 years,Male,298.5
2318,1978,45 - 64 years,Female,299.1
2331,1978,65 years and over,Both sexes,356.9
2332,1978,65 years and over,Male,161.2
2333,1978,65 years and over,Female,195.9
2346,1978,All ages,Both sexes,3314.0
2347,1978,All ages,Male,1666.0
2348,1978,All ages,Female,1648.0
2349,1979,Under 1 year,Both sexes,71.4
2350,1979,Under 1 year,Male,36.2
2351,1979,Under 1 year,Female,35.2
2355,1979,0 - 14 years,Both sexes,1029.9
2356,1979,0 - 14 years,Male,527.0
2357,1979,0 - 14 years,Female,502.9
2358,1979,1 - 4 years,Both sexes,272.1
2359,1979,1 - 4 years,Male,139.5
2360,1979,1 - 4 years,Female,132.7
2370,1979,15 - 24 years,Both sexes,583.6
2371,1979,15 - 24 years,Male,298.1
2372,1979,15 - 24 years,Female,285.6
2373,1979,15 years and over,Both sexes,2338.3
2374,1979,15 years and over,Male,1166.2
2375,1979,15 years and over,Female,1172.1
2382,1979,25 - 44 years,Both sexes,797.4
2383,1979,25 - 44 years,Male,407.9
2384,1979,25 - 44 years,Female,389.5
2397,1979,45 - 64 years,Both sexes,595.9
2398,1979,45 - 64 years,Male,297.3
2399,1979,45 - 64 years,Female,298.6
2412,1979,65 years and over,Both sexes,361.4
2413,1979,65 years and over,Male,163.0
2414,1979,65 years and over,Female,198.4
2427,1979,All ages,Both sexes,3368.2
2428,1979,All ages,Male,1693.3
2429,1979,All ages,Female,1674.9
2430,1980,Under 1 year,Both sexes,72.5
2431,1980,Under 1 year,Male,37.4
2432,1980,Under 1 year,Female,35.1
2436,1980,0 - 14 years,Both sexes,1035.4
2437,1980,0 - 14 years,Male,530.6
2438,1980,0 - 14 years,Female,504.9
2439,1980,1 - 4 years,Both sexes,275.2
2440,1980,1 - 4 years,Male,140.7
2441,1980,1 - 4 years,Female,134.6
2451,1980,15 - 24 years,Both sexes,592.2
2452,1980,15 - 24 years,Male,302.2
2453,1980,15 - 24 years,Female,290.1
2454,1980,15 years and over,Both sexes,2365.8
2455,1980,15 years and over,Male,1178.4
2456,1980,15 years and over,Female,1187.1
2463,1980,25 - 44 years,Both sexes,816.3
2464,1980,25 - 44 years,Male,416.9
2465,1980,25 - 44 years,Female,399.4
2478,1980,45 - 64 years,Both sexes,592.5
2479,1980,45 - 64 years,Male,295.5
2480,1980,45 - 64 years,Female,296.9
2493,1980,65 years and over,Both sexes,364.8
2494,1980,65 years and over,Male,163.8
2495,1980,65 years and over,Female,200.7
2508,1980,All ages,Both sexes,3401.0
2509,1980,All ages,Male,1709.0
2510,1980,All ages,Female,1692.0
2511,1981,Under 1 year,Both sexes,73.4
2512,1981,Under 1 year,Male,37.7
2513,1981,Under 1 year,Female,35.7
2517,1981,0 - 14 years,Both sexes,1043.7
2518,1981,0 - 14 years,Male,535.4
2519,1981,0 - 14 years,Female,508.3
2520,1981,1 - 4 years,Both sexes,279.6
2521,1981,1 - 4 years,Male,143.3
2522,1981,1 - 4 years,Female,136.3
2532,1981,15 - 24 years,Both sexes,602.6
2533,1981,15 - 24 years,Male,307.1
2534,1981,15 - 24 years,Female,295.4
2535,1981,15 years and over,Both sexes,2399.7
2536,1981,15 years and over,Male,1193.9
2537,1981,15 years and over,Female,1205.7
2544,1981,25 - 44 years,Both sexes,837.8
2545,1981,25 - 44 years,Male,427.3
2546,1981,25 - 44 years,Female,410.5
2559,1981,45 - 64 years,Both sexes,590.4
2560,1981,45 - 64 years,Male,294.4
2561,1981,45 - 64 years,Female,296.0
2574,1981,65 years and over,Both sexes,369.0
2575,1981,65 years and over,Male,165.2
2576,1981,65 years and over,Female,203.8
2589,1981,All ages,Both sexes,3443.4
2590,1981,All ages,Male,1729.4
2591,1981,All ages,Female,1714.1
2592,1982,Under 1 year,Both sexes,71.0
2593,1982,Under 1 year,Male,36.4
2594,1982,Under 1 year,Female,34.6
2598,1982,0 - 14 years,Both sexes,1045.4
2599,1982,0 - 14 years,Male,536.3
2600,1982,0 - 14 years,Female,509.1
2601,1982,1 - 4 years,Both sexes,278.2
2602,1982,1 - 4 years,Male,142.7
2603,1982,1 - 4 years,Female,135.5
2613,1982,15 - 24 years,Both sexes,608.8
2614,1982,15 - 24 years,Male,310.1
2615,1982,15 - 24 years,Female,298.7
2616,1982,15 years and over,Both sexes,2434.6
2617,1982,15 years and over,Male,1209.7
2618,1982,15 years and over,Female,1224.9
2625,1982,25 - 44 years,Both sexes,858.8
2626,1982,25 - 44 years,Male,437.1
2627,1982,25 - 44 years,Female,421.7
2640,1982,45 - 64 years,Both sexes,593.2
2641,1982,45 - 64 years,Male,295.8
2642,1982,45 - 64 years,Female,297.4
2655,1982,65 years and over,Both sexes,373.8
2656,1982,65 years and over,Male,166.7
2657,1982,65 years and over,Female,207.1
2670,1982,All ages,Both sexes,3480.0
2671,1982,All ages,Male,1746.0
2672,1982,All ages,Female,1734.0
2673,1983,Under 1 year,Both sexes,70.0
2674,1983,Under 1 year,Male,35.9
2675,1983,Under 1 year,Female,34.1
2679,1983,0 - 14 years,Both sexes,1043.0
2680,1983,0 - 14 years,Male,535.0
2681,1983,0 - 14 years,Female,508.0
2682,1983,1 - 4 years,Both sexes,273.8
2683,1983,1 - 4 years,Male,140.5
2684,1983,1 - 4 years,Female,133.3
2694,1983,15 - 24 years,Both sexes,612.5
2695,1983,15 - 24 years,Male,311.9
2696,1983,15 - 24 years,Female,300.6
2697,1983,15 years and over,Both sexes,2461.0
2698,1983,15 years and over,Male,1221.3
2699,1983,15 years and over,Female,1239.7
2706,1983,25 - 44 years,Both sexes,876.8
2707,1983,25 - 44 years,Male,445.2
2708,1983,25 - 44 years,Female,431.6
2721,1983,45 - 64 years,Both sexes,594.4
2722,1983,45 - 64 years,Male,296.6
2723,1983,45 - 64 years,Female,297.8
2736,1983,65 years and over,Both sexes,377.3
2737,1983,65 years and over,Male,167.6
2738,1983,65 years and over,Female,209.7
2751,1983,All ages,Both sexes,3504.0
2752,1983,All ages,Male,1756.3
2753,1983,All ages,Female,1747.7
2754,1984,Under 1 year,Both sexes,66.1
2755,1984,Under 1 year,Male,34.1
2756,1984,Under 1 year,Female,32.0
2760,1984,0 - 14 years,Both sexes,1040.6
2761,1984,0 - 14 years,Male,533.8
2762,1984,0 - 14 years,Female,506.8
2763,1984,1 - 4 years,Both sexes,272.4
2764,1984,1 - 4 years,Male,139.6
2765,1984,1 - 4 years,Female,132.8
2775,1984,15 - 24 years,Both sexes,616.6
2776,1984,15 - 24 years,Male,313.8
2777,1984,15 - 24 years,Female,302.8
2778,1984,15 years and over,Both sexes,2488.4
2779,1984,15 years and over,Male,1233.2
2780,1984,15 years and over,Female,1255.2
2787,1984,25 - 44 years,Both sexes,895.4
2788,1984,25 - 44 years,Male,453.7
2789,1984,25 - 44 years,Female,441.7
2802,1984,45 - 64 years,Both sexes,595.7
2803,1984,45 - 64 years,Male,297.4
2804,1984,45 - 64 years,Female,298.3
2817,1984,65 years and over,Both sexes,380.7
2818,1984,65 years and over,Male,168.3
2819,1984,65 years and over,Female,212.4
2832,1984,All ages,Both sexes,3529.0
2833,1984,All ages,Male,1767.0
2834,1984,All ages,Female,1762.0
2835,1985,Under 1 year,Both sexes,63.7
2836,1985,Under 1 year,Male,32.9
2837,1985,Under 1 year,Female,30.8
2841,1985,0 - 14 years,Both sexes,1034.3
2842,1985,0 - 14 years,Male,530.5
2843,1985,0 - 14 years,Female,503.8
2844,1985,1 - 4 years,Both sexes,268.1
2845,1985,1 - 4 years,Male,137.4
2846,1985,1 - 4 years,Female,130.7
2856,1985,15 - 24 years,Both sexes,618.0
2857,1985,15 - 24 years,Male,314.4
2858,1985,15 - 24 years,Female,303.6
2859,1985,15 years and over,Both sexes,2505.7
2860,1985,15 years and over,Male,1240.5
2861,1985,15 years and over,Female,1265.2
2868,1985,25 - 44 years,Both sexes,910.4
2869,1985,25 - 44 years,Male,460.5
2870,1985,25 - 44 years,Female,449.9
2883,1985,45 - 64 years,Both sexes,594.5
2884,1985,45 - 64 years,Male,297.0
2885,1985,45 - 64 years,Female,297.5
2898,1985,65 years and over,Both sexes,382.8
2899,1985,65 years and over,Male,168.6
2900,1985,65 years and over,Female,214.2
2913,1985,All ages,Both sexes,3540.0
2914,1985,All ages,Male,1771.0
2915,1985,All ages,Female,1769.0
2916,1986,Under 1 year,Both sexes,61.2
2917,1986,Under 1 year,Male,31.3
2918,1986,Under 1 year,Female,29.9
2922,1986,0 - 14 years,Both sexes,1024.7
2923,1986,0 - 14 years,Male,525.6
2924,1986,0 - 14 years,Female,499.1
2925,1986,1 - 4 years,Both sexes,262.9
2926,1986,1 - 4 years,Male,135.1
2927,1986,1 - 4 years,Female,127.8
2937,1986,15 - 24 years,Both sexes,617.5
2938,1986,15 - 24 years,Male,314.0
2939,1986,15 - 24 years,Female,303.5
2940,1986,15 years and over,Both sexes,2515.9
2941,1986,15 years and over,Male,1244.0
2942,1986,15 years and over,Female,1271.9
2949,1986,25 - 44 years,Both sexes,922.6
2950,1986,25 - 44 years,Male,465.7
2951,1986,25 - 44 years,Female,457.0
2964,1986,45 - 64 years,Both sexes,591.4
2965,1986,45 - 64 years,Male,295.7
2966,1986,45 - 64 years,Female,295.8
2979,1986,65 years and over,Both sexes,384.4
2980,1986,65 years and over,Male,168.7
2981,1986,65 years and over,Female,215.6
2994,1986,All ages,Both sexes,3540.6
2995,1986,All ages,Male,1769.7
2996,1986,All ages,Female,1771.0
2997,1987,Under 1 year,Both sexes,60.2
2998,1987,Under 1 year,Male,31.2
2999,1987,Under 1 year,Female,29.0
3003,1987,0 - 14 years,Both sexes,1014.4
3004,1987,0 - 14 years,Male,520.5
3005,1987,0 - 14 years,Female,493.9
3006,1987,1 - 4 years,Both sexes,255.1
3007,1987,1 - 4 years,Male,130.8
3008,1987,1 - 4 years,Female,124.3
3018,1987,15 - 24 years,Both sexes,615.8
3019,1987,15 - 24 years,Male,313.0
3020,1987,15 - 24 years,Female,302.8
3021,1987,15 years and over,Both sexes,2532.1
3022,1987,15 years and over,Male,1249.6
3023,1987,15 years and over,Female,1282.3
3030,1987,25 - 44 years,Both sexes,936.0
3031,1987,25 - 44 years,Male,470.7
3032,1987,25 - 44 years,Female,465.2
3045,1987,45 - 64 years,Both sexes,592.1
3046,1987,45 - 64 years,Male,296.2
3047,1987,45 - 64 years,Female,295.8
3060,1987,65 years and over,Both sexes,388.2
3061,1987,65 years and over,Male,169.7
3062,1987,65 years and over,Female,218.5
3075,1987,All ages,Both sexes,3546.5
3076,1987,All ages,Male,1770.3
3077,1987,All ages,Female,1776.2
3078,1988,Under 1 year,Both sexes,57.3
3079,1988,Under 1 year,Male,29.2
3080,1988,Under 1 year,Female,28.0
3084,1988,0 - 14 years,Both sexes,993.9
3085,1988,0 - 14 years,Male,509.7
3086,1988,0 - 14 years,Female,484.1
3087,1988,1 - 4 years,Both sexes,246.4
3088,1988,1 - 4 years,Male,126.7
3089,1988,1 - 4 years,Female,119.7
3099,1988,15 - 24 years,Both sexes,608.8
3100,1988,15 - 24 years,Male,308.9
3101,1988,15 - 24 years,Female,299.9
3102,1988,15 years and over,Both sexes,2536.9
3103,1988,15 years and over,Male,1249.0
3104,1988,15 years and over,Female,1287.8
3111,1988,25 - 44 years,Both sexes,939.3
3112,1988,25 - 44 years,Male,470.3
3113,1988,25 - 44 years,Female,468.8
3126,1988,45 - 64 years,Both sexes,595.6
3127,1988,45 - 64 years,Male,298.3
3128,1988,45 - 64 years,Female,297.3
3141,1988,65 years and over,Both sexes,393.2
3142,1988,65 years and over,Male,171.5
3143,1988,65 years and over,Female,221.8
3156,1988,All ages,Both sexes,3530.7
3157,1988,All ages,Male,1758.8
3158,1988,All ages,Female,1771.9
3159,1989,Under 1 year,Both sexes,53.4
3160,1989,Under 1 year,Male,27.3
3161,1989,Under 1 year,Female,26.0
3165,1989,0 - 14 years,Both sexes,973.5
3166,1989,0 - 14 years,Male,499.4
3167,1989,0 - 14 years,Female,474.0
3168,1989,1 - 4 years,Both sexes,238.9
3169,1989,1 - 4 years,Male,122.5
3170,1989,1 - 4 years,Female,116.4
3180,1989,15 - 24 years,Both sexes,597.6
3181,1989,15 - 24 years,Male,303.2
3182,1989,15 - 24 years,Female,294.4
3183,1989,15 years and over,Both sexes,2536.0
3184,1989,15 years and over,Male,1244.6
3185,1989,15 years and over,Female,1291.5
3192,1989,25 - 44 years,Both sexes,941.2
3193,1989,25 - 44 years,Male,468.5
3194,1989,25 - 44 years,Female,472.6
3207,1989,45 - 64 years,Both sexes,599.8
3208,1989,45 - 64 years,Male,300.2
3209,1989,45 - 64 years,Female,299.6
3222,1989,65 years and over,Both sexes,397.4
3223,1989,65 years and over,Male,172.7
3224,1989,65 years and over,Female,224.9
3237,1989,All ages,Both sexes,3509.5
3238,1989,All ages,Male,1744.1
3239,1989,All ages,Female,1765.5
3240,1990,Under 1 year,Both sexes,51.7
3241,1990,Under 1 year,Male,26.6
3242,1990,Under 1 year,Female,25.1
3246,1990,0 - 14 years,Both sexes,954.6
3247,1990,0 - 14 years,Male,489.7
3248,1990,0 - 14 years,Female,464.8
3249,1990,1 - 4 years,Both sexes,230.5
3250,1990,1 - 4 years,Male,117.7
3251,1990,1 - 4 years,Female,112.8
3261,1990,15 - 24 years,Both sexes,594.1
3262,1990,15 - 24 years,Male,303.1
3263,1990,15 - 24 years,Female,291.0
3264,1990,15 years and over,Both sexes,2551.3
3265,1990,15 years and over,Male,1253.0
3266,1990,15 years and over,Female,1298.2
3273,1990,25 - 44 years,Both sexes,949.1
3274,1990,25 - 44 years,Male,471.8
3275,1990,25 - 44 years,Female,477.3
3288,1990,45 - 64 years,Both sexes,608.1
3289,1990,45 - 64 years,Male,304.8
3290,1990,45 - 64 years,Female,303.2
3303,1990,65 years and over,Both sexes,400.0
3304,1990,65 years and over,Male,173.3
3305,1990,65 years and over,Female,226.7
3318,1990,All ages,Both sexes,3505.8
3319,1990,All ages,Male,1742.8
3320,1990,All ages,Female,1763.1
3321,1991,Under 1 year,Both sexes,53.0
3322,1991,Under 1 year,Male,27.4
3323,1991,Under 1 year,Female,25.7
3327,1991,0 - 14 years,Both sexes,940.6
3328,1991,0 - 14 years,Male,482.8
3329,1991,0 - 14 years,Female,457.7
3330,1991,1 - 4 years,Both sexes,220.7
3331,1991,1 - 4 years,Male,113.2
3332,1991,1 - 4 years,Female,107.5
3342,1991,15 - 24 years,Both sexes,601.6
3343,1991,15 - 24 years,Male,307.9
3344,1991,15 - 24 years,Female,293.7
3345,1991,15 years and over,Both sexes,2585.1
3346,1991,15 years and over,Male,1270.6
3347,1991,15 years and over,Female,1314.6
3354,1991,25 - 44 years,Both sexes,959.0
3355,1991,25 - 44 years,Male,476.4
3356,1991,25 - 44 years,Female,482.6
3369,1991,45 - 64 years,Both sexes,621.7
3370,1991,45 - 64 years,Male,312.6
3371,1991,45 - 64 years,Female,309.1
3384,1991,65 years and over,Both sexes,402.9
3385,1991,65 years and over,Male,173.7
3386,1991,65 years and over,Female,229.2
3399,1991,All ages,Both sexes,3525.7
3400,1991,All ages,Male,1753.4
3401,1991,All ages,Female,1772.3
3402,1992,Under 1 year,Both sexes,52.4
3403,1992,Under 1 year,Male,26.9
3404,1992,Under 1 year,Female,25.5
3408,1992,0 - 14 years,Both sexes,930.9
3409,1992,0 - 14 years,Male,478.1
3410,1992,0 - 14 years,Female,452.8
3411,1992,1 - 4 years,Both sexes,217.1
3412,1992,1 - 4 years,Male,111.3
3413,1992,1 - 4 years,Female,105.8
3423,1992,15 - 24 years,Both sexes,610.2
3424,1992,15 - 24 years,Male,313.0
3425,1992,15 - 24 years,Female,297.2
3426,1992,15 years and over,Both sexes,2623.7
3427,1992,15 years and over,Male,1290.5
3428,1992,15 years and over,Female,1333.4
3435,1992,25 - 44 years,Both sexes,970.7
3436,1992,25 - 44 years,Male,481.6
3437,1992,25 - 44 years,Female,489.1
3450,1992,45 - 64 years,Both sexes,637.0
3451,1992,45 - 64 years,Male,321.3
3452,1992,45 - 64 years,Female,315.8
3465,1992,65 years and over,Both sexes,405.8
3466,1992,65 years and over,Male,174.6
3467,1992,65 years and over,Female,231.3
3480,1992,All ages,Both sexes,3554.5
3481,1992,All ages,Male,1768.4
3482,1992,All ages,Female,1786.1
3483,1993,Under 1 year,Both sexes,50.2
3484,1993,Under 1 year,Male,25.9
3485,1993,Under 1 year,Female,24.3
3489,1993,0 - 14 years,Both sexes,917.0
3490,1993,0 - 14 years,Male,470.9
3491,1993,0 - 14 years,Female,446.0
3492,1993,1 - 4 years,Both sexes,214.3
3493,1993,1 - 4 years,Male,110.0
3494,1993,1 - 4 years,Female,104.3
3504,1993,15 - 24 years,Both sexes,615.9
3505,1993,15 - 24 years,Male,316.2
3506,1993,15 - 24 years,Female,299.6
3507,1993,15 years and over,Both sexes,2657.2
3508,1993,15 years and over,Male,1307.1
3509,1993,15 years and over,Female,1350.0
3516,1993,25 - 44 years,Both sexes,979.0
3517,1993,25 - 44 years,Male,485.4
3518,1993,25 - 44 years,Female,493.6
3531,1993,45 - 64 years,Both sexes,654.3
3532,1993,45 - 64 years,Male,330.4
3533,1993,45 - 64 years,Female,324.0
3546,1993,65 years and over,Both sexes,408.0
3547,1993,65 years and over,Male,175.1
3548,1993,65 years and over,Female,232.8
3561,1993,All ages,Both sexes,3574.1
3562,1993,All ages,Male,1778.0
3563,1993,All ages,Female,1796.1
3564,1994,Under 1 year,Both sexes,48.8
3565,1994,Under 1 year,Male,25.2
3566,1994,Under 1 year,Female,23.6
3570,1994,0 - 14 years,Both sexes,898.5
3571,1994,0 - 14 years,Male,462.4
3572,1994,0 - 14 years,Female,436.4
3573,1994,1 - 4 years,Both sexes,211.4
3574,1994,1 - 4 years,Male,108.9
3575,1994,1 - 4 years,Female,102.6
3585,1994,15 - 24 years,Both sexes,621.1
3586,1994,15 - 24 years,Male,318.1
3587,1994,15 - 24 years,Female,303.0
3588,1994,15 years and over,Both sexes,2687.2
3589,1994,15 years and over,Male,1321.1
3590,1994,15 years and over,Female,1366.4
3597,1994,25 - 44 years,Both sexes,986.5
3598,1994,25 - 44 years,Male,489.1
3599,1994,25 - 44 years,Female,497.4
3612,1994,45 - 64 years,Both sexes,671.0
3613,1994,45 - 64 years,Male,338.7
3614,1994,45 - 64 years,Female,332.5
3627,1994,65 years and over,Both sexes,408.6
3628,1994,65 years and over,Male,175.2
3629,1994,65 years and over,Female,233.5
3642,1994,All ages,Both sexes,3585.9
3643,1994,All ages,Male,1783.3
3644,1994,All ages,Female,1802.6
3645,1995,Under 1 year,Both sexes,48.2
3646,1995,Under 1 year,Male,24.9
3647,1995,Under 1 year,Female,23.3
3651,1995,0 - 14 years,Both sexes,878.0
3652,1995,0 - 14 years,Male,451.3
3653,1995,0 - 14 years,Female,426.5
3654,1995,1 - 4 years,Both sexes,207.3
3655,1995,1 - 4 years,Male,106.7
3656,1995,1 - 4 years,Female,100.6
3666,1995,15 - 24 years,Both sexes,625.6
3667,1995,15 - 24 years,Male,319.4
3668,1995,15 - 24 years,Female,306.3
3669,1995,15 years and over,Both sexes,2723.4
3670,1995,15 years and over,Male,1337.1
3671,1995,15 years and over,Female,1386.5
3678,1995,25 - 44 years,Both sexes,999.7
3679,1995,25 - 44 years,Male,495.4
3680,1995,25 - 44 years,Female,504.2
3693,1995,45 - 64 years,Both sexes,686.8
3694,1995,45 - 64 years,Male,346.2
3695,1995,45 - 64 years,Female,340.7
3708,1995,65 years and over,Both sexes,411.3
3709,1995,65 years and over,Male,176.1
3710,1995,65 years and over,Female,235.3
3723,1995,All ages,Both sexes,3601.3
3724,1995,All ages,Male,1788.4
3725,1995,All ages,Female,1812.9
3726,1996,Under 1 year,Both sexes,48.9
3727,1996,Under 1 year,Male,25.2
3728,1996,Under 1 year,Female,23.6
3732,1996,0 - 14 years,Both sexes,859.4
3733,1996,0 - 14 years,Male,441.5
3734,1996,0 - 14 years,Female,418.0
3735,1996,1 - 4 years,Both sexes,201.5
3736,1996,1 - 4 years,Male,103.5
3737,1996,1 - 4 years,Female,98.0
3747,1996,15 - 24 years,Both sexes,632.9
3748,1996,15 - 24 years,Male,323.1
3749,1996,15 - 24 years,Female,309.8
3750,1996,15 years and over,Both sexes,2766.7
3751,1996,15 years and over,Male,1358.8
3752,1996,15 years and over,Female,1407.9
3759,1996,25 - 44 years,Both sexes,1016.1
3760,1996,25 - 44 years,Male,503.3
3761,1996,25 - 44 years,Female,512.8
3774,1996,45 - 64 years,Both sexes,703.8
3775,1996,45 - 64 years,Male,355.1
3776,1996,45 - 64 years,Female,348.7
3789,1996,65 years and over,Both sexes,413.9
3790,1996,65 years and over,Male,177.3
3791,1996,65 years and over,Female,236.6
3804,1996,All ages,Both sexes,3626.1
3805,1996,All ages,Male,1800.2
3806,1996,All ages,Female,1825.9
3807,1997,Under 1 year,Both sexes,50.5
3808,1997,Under 1 year,Male,26.1
3809,1997,Under 1 year,Female,24.4
3813,1997,0 - 14 years,Both sexes,846.0
3814,1997,0 - 14 years,Male,434.4
3815,1997,0 - 14 years,Female,411.5
3816,1997,1 - 4 years,Both sexes,199.5
3817,1997,1 - 4 years,Male,102.6
3818,1997,1 - 4 years,Female,96.9
3828,1997,15 - 24 years,Both sexes,640.9
3829,1997,15 - 24 years,Male,327.5
3830,1997,15 - 24 years,Female,313.4
3831,1997,15 years and over,Both sexes,2818.3
3832,1997,15 years and over,Male,1384.9
3833,1997,15 years and over,Female,1433.4
3840,1997,25 - 44 years,Both sexes,1037.6
3841,1997,25 - 44 years,Male,513.9
3842,1997,25 - 44 years,Female,523.7
3855,1997,45 - 64 years,Both sexes,723.6
3856,1997,45 - 64 years,Male,365.0
3857,1997,45 - 64 years,Female,358.6
3870,1997,65 years and over,Both sexes,416.3
3871,1997,65 years and over,Male,178.6
3872,1997,65 years and over,Female,237.7
3885,1997,All ages,Both sexes,3664.3
3886,1997,All ages,Male,1819.4
3887,1997,All ages,Female,1844.9
3888,1998,Under 1 year,Both sexes,52.6
3889,1998,Under 1 year,Male,27.0
3890,1998,Under 1 year,Female,25.6
3894,1998,0 - 14 years,Both sexes,835.8
3895,1998,0 - 14 years,Male,429.3
3896,1998,0 - 14 years,Female,406.5
3897,1998,1 - 4 years,Both sexes,201.1
3898,1998,1 - 4 years,Male,103.8
3899,1998,1 - 4 years,Female,97.3
3909,1998,15 - 24 years,Both sexes,642.8
3910,1998,15 - 24 years,Male,328.1
3911,1998,15 - 24 years,Female,314.7
3912,1998,15 years and over,Both sexes,2867.3
3913,1998,15 years and over,Male,1409.5
3914,1998,15 years and over,Female,1457.7
3921,1998,25 - 44 years,Both sexes,1058.8
3922,1998,25 - 44 years,Male,525.4
3923,1998,25 - 44 years,Female,533.4
3936,1998,45 - 64 years,Both sexes,745.5
3937,1998,45 - 64 years,Male,375.6
3938,1998,45 - 64 years,Female,370.0
3951,1998,65 years and over,Both sexes,420.2
3952,1998,65 years and over,Male,180.6
3953,1998,65 years and over,Female,239.7
3966,1998,All ages,Both sexes,3703.1
3967,1998,All ages,Male,1838.9
3968,1998,All ages,Female,1864.2
3969,1999,Under 1 year,Both sexes,53.3
3970,1999,Under 1 year,Male,27.4
3971,1999,Under 1 year,Female,25.9
3975,1999,0 - 14 years,Both sexes,830.6
3976,1999,0 - 14 years,Male,426.7
3977,1999,0 - 14 years,Female,403.9
3978,1999,1 - 4 years,Both sexes,206.4
3979,1999,1 - 4 years,Male,106.5
3980,1999,1 - 4 years,Female,99.9
3990,1999,15 - 24 years,Both sexes,642.5
3991,1999,15 - 24 years,Male,327.5
3992,1999,15 - 24 years,Female,315.0
3993,1999,15 years and over,Both sexes,2911.1
3994,1999,15 years and over,Male,1431.9
3995,1999,15 years and over,Female,1479.2
4002,1999,25 - 44 years,Both sexes,1080.8
4003,1999,25 - 44 years,Male,537.1
4004,1999,25 - 44 years,Female,543.7
4017,1999,45 - 64 years,Both sexes,765.8
4018,1999,45 - 64 years,Male,385.7
4019,1999,45 - 64 years,Female,380.2
4032,1999,65 years and over,Both sexes,421.9
4033,1999,65 years and over,Male,181.6
4034,1999,65 years and over,Female,240.3
4047,1999,All ages,Both sexes,3741.6
4048,1999,All ages,Male,1858.6
4049,1999,All ages,Female,1883.0
4050,2000,Under 1 year,Both sexes,53.6
4051,2000,Under 1 year,Male,27.6
4052,2000,Under 1 year,Female,26.0
4056,2000,0 - 14 years,Both sexes,828.0
4057,2000,0 - 14 years,Male,425.2
4058,2000,0 - 14 years,Female,402.9
4059,2000,1 - 4 years,Both sexes,212.5
4060,2000,1 - 4 years,Male,109.6
4061,2000,1 - 4 years,Female,102.9
4071,2000,15 - 24 years,Both sexes,641.2
4072,2000,15 - 24 years,Male,326.3
4073,2000,15 - 24 years,Female,315.0
4074,2000,15 years and over,Both sexes,2961.5
4075,2000,15 years and over,Male,1457.8
4076,2000,15 years and over,Female,1503.7
4083,2000,25 - 44 years,Both sexes,1107.6
4084,2000,25 - 44 years,Male,551.4
4085,2000,25 - 44 years,Female,556.2
4098,2000,45 - 64 years,Both sexes,788.0
4099,2000,45 - 64 years,Male,396.9
4100,2000,45 - 64 years,Female,391.1
4113,2000,65 years and over,Both sexes,424.7
4114,2000,65 years and over,Male,183.2
4115,2000,65 years and over,Female,241.5
4128,2000,All ages,Both sexes,3789.5
4129,2000,All ages,Male,1882.9
4130,2000,All ages,Female,1906.6
4131,2001,Under 1 year,Both sexes,55.1
4132,2001,Under 1 year,Male,28.4
4133,2001,Under 1 year,Female,26.7
4137,2001,0 - 14 years,Both sexes,827.5
4138,2001,0 - 14 years,Male,424.9
4139,2001,0 - 14 years,Female,402.6
4140,2001,1 - 4 years,Both sexes,218.1
4141,2001,1 - 4 years,Male,112.0
4142,2001,1 - 4 years,Female,106.1
4152,2001,15 - 24 years,Both sexes,638.0
4153,2001,15 - 24 years,Male,324.8
4154,2001,15 - 24 years,Female,313.2
4155,2001,15 years and over,Both sexes,3019.7
4156,2001,15 years and over,Male,1488.2
4157,2001,15 years and over,Female,1531.5
4164,2001,25 - 44 years,Both sexes,1142.1
4165,2001,25 - 44 years,Male,569.5
4166,2001,25 - 44 years,Female,572.6
4179,2001,45 - 64 years,Both sexes,809.7
4180,2001,45 - 64 years,Male,407.8
4181,2001,45 - 64 years,Female,401.9
4194,2001,65 years and over,Both sexes,429.8
4195,2001,65 years and over,Male,186.0
4196,2001,65 years and over,Female,243.8
4209,2001,All ages,Both sexes,3847.2
4210,2001,All ages,Male,1913.1
4211,2001,All ages,Female,1934.1
4212,2002,Under 1 year,Both sexes,54.5
4213,2002,Under 1 year,Male,27.8
4214,2002,Under 1 year,Female,26.7
4218,2002,0 - 14 years,Both sexes,827.4
4219,2002,0 - 14 years,Male,424.0
4220,2002,0 - 14 years,Female,403.4
4221,2002,1 - 4 years,Both sexes,223.1
4222,2002,1 - 4 years,Male,114.2
4223,2002,1 - 4 years,Female,108.9
4233,2002,15 - 24 years,Both sexes,641.5
4234,2002,15 - 24 years,Male,325.7
4235,2002,15 - 24 years,Female,315.8
4236,2002,15 years and over,Both sexes,3089.8
4237,2002,15 years and over,Male,1522.2
4238,2002,15 years and over,Female,1567.7
4245,2002,25 - 44 years,Both sexes,1180.3
4246,2002,25 - 44 years,Male,588.3
4247,2002,25 - 44 years,Female,592.0
4260,2002,45 - 64 years,Both sexes,832.0
4261,2002,45 - 64 years,Male,419.0
4262,2002,45 - 64 years,Female,413.1
4275,2002,65 years and over,Both sexes,436.0
4276,2002,65 years and over,Male,189.2
4277,2002,65 years and over,Female,246.8
4290,2002,All ages,Both sexes,3917.2
4291,2002,All ages,Male,1946.2
4292,2002,All ages,Female,1971.0
4293,2003,Under 1 year,Both sexes,60.4
4294,2003,Under 1 year,Male,31.0
4295,2003,Under 1 year,Female,29.4
4299,2003,0 - 14 years,Both sexes,834.7
4300,2003,0 - 14 years,Male,427.6
4301,2003,0 - 14 years,Female,407.1
4302,2003,1 - 4 years,Both sexes,223.9
4303,2003,1 - 4 years,Male,114.4
4304,2003,1 - 4 years,Female,109.5
4314,2003,15 - 24 years,Both sexes,638.7
4315,2003,15 - 24 years,Male,322.9
4316,2003,15 - 24 years,Female,315.8
4317,2003,15 years and over,Both sexes,3145.2
4318,2003,15 years and over,Male,1549.3
4319,2003,15 years and over,Female,1596.0
4326,2003,25 - 44 years,Both sexes,1209.1
4327,2003,25 - 44 years,Male,603.1
4328,2003,25 - 44 years,Female,606.0
4341,2003,45 - 64 years,Both sexes,855.5
4342,2003,45 - 64 years,Male,430.9
4343,2003,45 - 64 years,Female,424.6
4356,2003,65 years and over,Both sexes,441.9
4357,2003,65 years and over,Male,192.4
4358,2003,65 years and over,Female,249.6
4371,2003,All ages,Both sexes,3979.9
4372,2003,All ages,Male,1976.9
4373,2003,All ages,Female,2002.9
4374,2004,Under 1 year,Both sexes,61.6
4375,2004,Under 1 year,Male,31.5
4376,2004,Under 1 year,Female,30.1
4380,2004,0 - 14 years,Both sexes,843.8
4381,2004,0 - 14 years,Male,432.7
4382,2004,0 - 14 years,Female,411.2
4383,2004,1 - 4 years,Both sexes,229.1
4384,2004,1 - 4 years,Male,117.2
4385,2004,1 - 4 years,Female,111.9
4395,2004,15 - 24 years,Both sexes,634.5
4396,2004,15 - 24 years,Male,320.9
4397,2004,15 - 24 years,Female,313.6
4398,2004,15 years and over,Both sexes,3201.4
4399,2004,15 years and over,Male,1579.3
4400,2004,15 years and over,Female,1622.1
4407,2004,25 - 44 years,Both sexes,1240.0
4408,2004,25 - 44 years,Male,619.6
4409,2004,25 - 44 years,Female,620.5
4422,2004,45 - 64 years,Both sexes,877.2
4423,2004,45 - 64 years,Male,442.0
4424,2004,45 - 64 years,Female,435.2
4437,2004,65 years and over,Both sexes,449.7
4438,2004,65 years and over,Male,196.8
4439,2004,65 years and over,Female,252.9
4452,2004,All ages,Both sexes,4045.2
4453,2004,All ages,Male,2011.9
4454,2004,All ages,Female,2033.3
4455,2005,Under 1 year,Both sexes,61.0
4456,2005,Under 1 year,Male,31.5
4457,2005,Under 1 year,Female,29.6
4461,2005,0 - 14 years,Both sexes,853.5
4462,2005,0 - 14 years,Male,438.0
4463,2005,0 - 14 years,Female,415.6
4464,2005,1 - 4 years,Both sexes,235.5
4465,2005,1 - 4 years,Male,120.2
4466,2005,1 - 4 years,Female,115.3
4476,2005,15 - 24 years,Both sexes,632.2
4477,2005,15 - 24 years,Male,319.8
4478,2005,15 - 24 years,Female,312.5
4479,2005,15 years and over,Both sexes,3280.4
4480,2005,15 years and over,Male,1623.8
4481,2005,15 years and over,Female,1656.7
4488,2005,25 - 44 years,Both sexes,1287.2
4489,2005,25 - 44 years,Male,647.7
4490,2005,25 - 44 years,Female,639.6
4503,2005,45 - 64 years,Both sexes,902.0
4504,2005,45 - 64 years,Male,454.4
4505,2005,45 - 64 years,Female,447.6
4518,2005,65 years and over,Both sexes,458.9
4519,2005,65 years and over,Male,201.9
4520,2005,65 years and over,Female,257.0
4533,2005,All ages,Both sexes,4133.8
4534,2005,All ages,Male,2061.8
4535,2005,All ages,Female,2072.0
4536,2006,Under 1 year,Both sexes,61.1
4537,2006,Under 1 year,Male,31.3
4538,2006,Under 1 year,Female,29.8
4542,2006,0 - 14 years,Both sexes,865.1
4543,2006,0 - 14 years,Male,443.5
4544,2006,0 - 14 years,Female,421.6
4545,2006,1 - 4 years,Both sexes,241.3
4546,2006,1 - 4 years,Male,123.4
4547,2006,1 - 4 years,Female,117.9
4557,2006,15 - 24 years,Both sexes,638.4
4558,2006,15 - 24 years,Male,324.2
4559,2006,15 - 24 years,Female,314.2
4560,2006,15 years and over,Both sexes,3367.9
4561,2006,15 years and over,Male,1673.8
4562,2006,15 years and over,Female,1694.0
4569,2006,25 - 44 years,Both sexes,1343.3
4570,2006,25 - 44 years,Male,679.7
4571,2006,25 - 44 years,Female,663.6
4584,2006,45 - 64 years,Both sexes,923.8
4585,2006,45 - 64 years,Male,465.4
4586,2006,45 - 64 years,Female,458.4
4599,2006,65 years and over,Both sexes,462.4
4600,2006,65 years and over,Male,204.5
4601,2006,65 years and over,Female,257.8
4614,2006,All ages,Both sexes,4232.9
4615,2006,All ages,Male,2117.3
4616,2006,All ages,Female,2115.6
4617,2007,Under 1 year,Both sexes,66.3
4618,2007,Under 1 year,Male,34.1
4619,2007,Under 1 year,Female,32.2
4623,2007,0 - 14 years,Both sexes,884.2
4624,2007,0 - 14 years,Male,453.2
4625,2007,0 - 14 years,Female,431.0
4626,2007,1 - 4 years,Both sexes,244.2
4627,2007,1 - 4 years,Male,125.3
4628,2007,1 - 4 years,Female,118.8
4638,2007,15 - 24 years,Both sexes,663.1
4639,2007,15 - 24 years,Male,335.1
4640,2007,15 - 24 years,Female,328.0
4641,2007,15 years and over,Both sexes,3491.7
4642,2007,15 years and over,Male,1738.1
4643,2007,15 years and over,Female,1753.6
4650,2007,25 - 44 years,Both sexes,1404.5
4651,2007,25 - 44 years,Male,713.3
4652,2007,25 - 44 years,Female,691.2
4665,2007,45 - 64 years,Both sexes,953.0
4666,2007,45 - 64 years,Male,479.9
4667,2007,45 - 64 years,Female,473.1
4680,2007,65 years and over,Both sexes,471.0
4681,2007,65 years and over,Male,209.8
4682,2007,65 years and over,Female,261.2
4695,2007,All ages,Both sexes,4375.8
4696,2007,All ages,Male,2191.3
4697,2007,All ages,Female,2184.6
4698,2008,Under 1 year,Both sexes,72.4
4699,2008,Under 1 year,Male,36.9
4700,2008,Under 1 year,Female,35.5
4704,2008,0 - 14 years,Both sexes,913.4
4705,2008,0 - 14 years,Male,467.5
4706,2008,0 - 14 years,Female,445.9
4707,2008,1 - 4 years,Both sexes,251.6
4708,2008,1 - 4 years,Male,129.1
4709,2008,1 - 4 years,Female,122.6
4719,2008,15 - 24 years,Both sexes,669.2
4720,2008,15 - 24 years,Male,336.1
4721,2008,15 - 24 years,Female,333.1
4722,2008,15 years and over,Both sexes,3571.9
4723,2008,15 years and over,Male,1771.1
4724,2008,15 years and over,Female,1800.6
4731,2008,25 - 44 years,Both sexes,1439.9
4732,2008,25 - 44 years,Male,726.6
4733,2008,25 - 44 years,Female,713.3
4746,2008,45 - 64 years,Both sexes,978.8
4747,2008,45 - 64 years,Male,492.2
4748,2008,45 - 64 years,Female,486.6
4761,2008,65 years and over,Both sexes,483.7
4762,2008,65 years and over,Male,216.2
4763,2008,65 years and over,Female,267.6
4776,2008,All ages,Both sexes,4485.1
4777,2008,All ages,Male,2238.6
4778,2008,All ages,Female,2246.5
4779,2009,Under 1 year,Both sexes,73.6
4780,2009,Under 1 year,Male,37.7
4781,2009,Under 1 year,Female,35.9
4785,2009,0 - 14 years,Both sexes,936.4
4786,2009,0 - 14 years,Male,479.2
4787,2009,0 - 14 years,Female,457.2
4788,2009,1 - 4 years,Both sexes,261.7
4789,2009,1 - 4 years,Male,133.8
4790,2009,1 - 4 years,Female,127.9
4800,2009,15 - 24 years,Both sexes,648.7
4801,2009,15 - 24 years,Male,323.9
4802,2009,15 - 24 years,Female,324.8
4803,2009,15 years and over,Both sexes,3597.0
4804,2009,15 years and over,Male,1778.1
4805,2009,15 years and over,Female,1818.9
4812,2009,25 - 44 years,Both sexes,1448.1
4813,2009,25 - 44 years,Male,726.3
4814,2009,25 - 44 years,Female,721.8
4827,2009,45 - 64 years,Both sexes,1001.3
4828,2009,45 - 64 years,Male,503.2
4829,2009,45 - 64 years,Female,498.2
4842,2009,65 years and over,Both sexes,498.9
4843,2009,65 years and over,Male,224.8
4844,2009,65 years and over,Female,274.1
4857,2009,All ages,Both sexes,4533.4
4858,2009,All ages,Male,2257.3
4859,2009,All ages,Female,2276.1
4860,2010,Under 1 year,Both sexes,74.9
4861,2010,Under 1 year,Male,38.5
4862,2010,Under 1 year,Female,36.5
4866,2010,0 - 14 years,Both sexes,957.7
4867,2010,0 - 14 years,Male,490.5
4868,2010,0 - 14 years,Female,467.2
4869,2010,1 - 4 years,Both sexes,272.0
4870,2010,1 - 4 years,Male,139.1
4871,2010,1 - 4 years,Female,133.0
4881,2010,15 - 24 years,Both sexes,615.7
4882,2010,15 - 24 years,Male,307.8
4883,2010,15 - 24 years,Female,307.9
4884,2010,15 years and over,Both sexes,3596.9
4885,2010,15 years and over,Male,1771.7
4886,2010,15 years and over,Female,1825.4
4893,2010,25 - 44 years,Both sexes,1444.3
4894,2010,25 - 44 years,Male,719.1
4895,2010,25 - 44 years,Female,725.2
4908,2010,45 - 64 years,Both sexes,1021.9
4909,2010,45 - 64 years,Male,511.4
4910,2010,45 - 64 years,Female,510.5
4923,2010,65 years and over,Both sexes,515.1
4924,2010,65 years and over,Male,233.4
4925,2010,65 years and over,Female,281.7
4938,2010,All ages,Both sexes,4554.8
4939,2010,All ages,Male,2262.2
4940,2010,All ages,Female,2292.6
4941,2011,Under 1 year,Both sexes,72.5
4942,2011,Under 1 year,Male,36.9
4943,2011,Under 1 year,Female,35.6
4947,2011,0 - 14 years,Both sexes,976.7
4948,2011,0 - 14 years,Male,499.9
4949,2011,0 - 14 years,Female,476.8
4950,2011,1 - 4 years,Both sexes,283.6
4951,2011,1 - 4 years,Male,145.1
4952,2011,1 - 4 years,Female,138.5
4962,2011,15 - 24 years,Both sexes,579.6
4963,2011,15 - 24 years,Male,292.3
4964,2011,15 - 24 years,Female,287.3
4965,2011,15 years and over,Both sexes,3598.2
4966,2011,15 years and over,Male,1770.6
4967,2011,15 years and over,Female,1827.6
4974,2011,25 - 44 years,Both sexes,1448.7
4975,2011,25 - 44 years,Male,717.8
4976,2011,25 - 44 years,Female,730.8
4989,2011,45 - 64 years,Both sexes,1038.3
4990,2011,45 - 64 years,Male,518.9
4991,2011,45 - 64 years,Female,519.5
5004,2011,65 years and over,Both sexes,531.6
5005,2011,65 years and over,Male,241.6
5006,2011,65 years and over,Female,290.0
5019,2011,All ages,Both sexes,4574.9
5020,2011,All ages,Male,2270.5
5021,2011,All ages,Female,2304.4
5022,2012,Under 1 year,Both sexes,72.7
5023,2012,Under 1 year,Male,37.0
5024,2012,Under 1 year,Female,35.4
5028,2012,0 - 14 years,Both sexes,988.0
5029,2012,0 - 14 years,Male,505.4
5030,2012,0 - 14 years,Female,482.6
5031,2012,1 - 4 years,Both sexes,285.5
5032,2012,1 - 4 years,Male,145.5
5033,2012,1 - 4 years,Female,140.0
5043,2012,15 - 24 years,Both sexes,566.6
5044,2012,15 - 24 years,Male,285.8
5045,2012,15 - 24 years,Female,280.7
5046,2012,15 years and over,Both sexes,3605.7
5047,2012,15 years and over,Male,1769.6
5048,2012,15 years and over,Female,1836.0
5055,2012,25 - 44 years,Both sexes,1435.3
5056,2012,25 - 44 years,Male,707.0
5057,2012,25 - 44 years,Female,728.4
5070,2012,45 - 64 years,Both sexes,1053.8
5071,2012,45 - 64 years,Male,525.2
5072,2012,45 - 64 years,Female,528.6
5085,2012,65 years and over,Both sexes,550.1
5086,2012,65 years and over,Male,251.7
5087,2012,65 years and over,Female,298.4
5100,2012,All ages,Both sexes,4593.7
5101,2012,All ages,Male,2275.0
5102,2012,All ages,Female,2318.7
5103,2013,Under 1 year,Both sexes,68.6
5104,2013,Under 1 year,Male,35.0
5105,2013,Under 1 year,Female,33.5
5109,2013,0 - 14 years,Both sexes,993.9
5110,2013,0 - 14 years,Male,507.8
5111,2013,0 - 14 years,Female,486.2
5112,2013,1 - 4 years,Both sexes,284.4
5113,2013,1 - 4 years,Male,144.9
5114,2013,1 - 4 years,Female,139.5
5124,2013,15 - 24 years,Both sexes,563.3
5125,2013,15 - 24 years,Male,286.0
5126,2013,15 - 24 years,Female,277.3
5127,2013,15 years and over,Both sexes,3620.8
5128,2013,15 years and over,Male,1778.4
5129,2013,15 years and over,Female,1842.4
5136,2013,25 - 44 years,Both sexes,1421.1
5137,2013,25 - 44 years,Male,699.0
5138,2013,25 - 44 years,Female,722.1
5151,2013,45 - 64 years,Both sexes,1067.2
5152,2013,45 - 64 years,Male,531.7
5153,2013,45 - 64 years,Female,535.5
5166,2013,65 years and over,Both sexes,569.2
5167,2013,65 years and over,Male,261.7
5168,2013,65 years and over,Female,307.5
5181,2013,All ages,Both sexes,4614.7
5182,2013,All ages,Male,2286.1
5183,2013,All ages,Female,2328.5
5184,2014,Under 1 year,Both sexes,66.9
5185,2014,Under 1 year,Male,34.0
5186,2014,Under 1 year,Female,32.6
5190,2014,0 - 14 years,Both sexes,997.5
5191,2014,0 - 14 years,Male,509.6
5192,2014,0 - 14 years,Female,487.9
5193,2014,1 - 4 years,Both sexes,278.4
5194,2014,1 - 4 years,Male,141.7
5195,2014,1 - 4 years,Female,136.7
5205,2014,15 - 24 years,Both sexes,567.2
5206,2014,15 - 24 years,Male,288.5
5207,2014,15 - 24 years,Female,278.7
5208,2014,15 years and over,Both sexes,3647.9
5209,2014,15 years and over,Male,1789.5
5210,2014,15 years and over,Female,1858.5
5217,2014,25 - 44 years,Both sexes,1407.3
5218,2014,25 - 44 years,Male,688.8
5219,2014,25 - 44 years,Female,718.5
5232,2014,45 - 64 years,Both sexes,1083.9
5233,2014,45 - 64 years,Male,539.6
5234,2014,45 - 64 years,Female,544.3
5247,2014,65 years and over,Both sexes,589.5
5248,2014,65 years and over,Male,272.5
5249,2014,65 years and over,Female,317.0
5262,2014,All ages,Both sexes,4645.4
5263,2014,All ages,Male,2299.0
5264,2014,All ages,Female,2346.4
5265,2015,Under 1 year,Both sexes,64.2
5266,2015,Under 1 year,Male,33.0
5267,2015,Under 1 year,Female,31.4
5271,2015,0 - 14 years,Both sexes,1001.7
5272,2015,0 - 14 years,Male,511.8
5273,2015,0 - 14 years,Female,490.0
5274,2015,1 - 4 years,Both sexes,273.8
5275,2015,1 - 4 years,Male,139.6
5276,2015,1 - 4 years,Female,134.2
5286,2015,15 - 24 years,Both sexes,571.6
5287,2015,15 - 24 years,Male,291.9
5288,2015,15 - 24 years,Female,279.7
5289,2015,15 years and over,Both sexes,3686.1
5290,2015,15 years and over,Male,1806.0
5291,2015,15 years and over,Female,1880.1
5298,2015,25 - 44 years,Both sexes,1400.6
5299,2015,25 - 44 years,Male,682.5
5300,2015,25 - 44 years,Female,718.1
5313,2015,45 - 64 years,Both sexes,1103.6
5314,2015,45 - 64 years,Male,548.7
5315,2015,45 - 64 years,Female,554.9
5328,2015,65 years and over,Both sexes,610.3
5329,2015,65 years and over,Male,282.8
5330,2015,65 years and over,Female,327.4
5343,2015,All ages,Both sexes,4687.8
5344,2015,All ages,Male,2317.7
5345,2015,All ages,Female,2370.1
5346,2016,Under 1 year,Both sexes,62.2
5347,2016,Under 1 year,Male,32.0
5348,2016,Under 1 year,Female,30.4
5352,2016,0 - 14 years,Both sexes,1005.5
5353,2016,0 - 14 years,Male,514.2
5354,2016,0 - 14 years,Female,491.3
5355,2016,1 - 4 years,Both sexes,269.2
5356,2016,1 - 4 years,Male,137.8
5357,2016,1 - 4 years,Female,131.4
5367,2016,15 - 24 years,Both sexes,574.7
5368,2016,15 - 24 years,Male,292.8
5369,2016,15 - 24 years,Female,281.9
5370,2016,15 years and over,Both sexes,3734.1
5371,2016,15 years and over,Male,1832.4
5372,2016,15 years and over,Female,1901.7
5379,2016,25 - 44 years,Both sexes,1401.5
5380,2016,25 - 44 years,Male,685.4
5381,2016,25 - 44 years,Female,716.1
5394,2016,45 - 64 years,Both sexes,1128.0
5395,2016,45 - 64 years,Male,561.0
5396,2016,45 - 64 years,Female,567.0
5409,2016,65 years and over,Both sexes,629.8
5410,2016,65 years and over,Male,293.2
5411,2016,65 years and over,Female,336.6
5424,2016,All ages,Both sexes,4739.6
5425,2016,All ages,Male,2346.5
5426,2016,All ages,Female,2393.1
5427,2017,Under 1 year,Both sexes,63.5
5428,2017,Under 1 year,Male,32.4
5429,2017,Under 1 year,Female,31.0
5433,2017,0 - 14 years,Both sexes,1010.4
5434,2017,0 - 14 years,Male,516.4
5435,2017,0 - 14 years,Female,494.0
5436,2017,1 - 4 years,Both sexes,261.5
5437,2017,1 - 4 years,Male,133.7
5438,2017,1 - 4 years,Female,127.8
5448,2017,15 - 24 years,Both sexes,587.0
5449,2017,15 - 24 years,Male,299.0
5450,2017,15 - 24 years,Female,288.0
5451,2017,15 years and over,Both sexes,3800.5
5452,2017,15 years and over,Male,1864.4
5453,2017,15 years and over,Female,1936.1
5460,2017,25 - 44 years,Both sexes,1403.3
5461,2017,25 - 44 years,Male,685.7
5462,2017,25 - 44 years,Female,717.5
5475,2017,45 - 64 years,Both sexes,1157.9
5476,2017,45 - 64 years,Male,574.9
5477,2017,45 - 64 years,Female,583.0
5490,2017,65 years and over,Both sexes,652.4
5491,2017,65 years and over,Male,304.8
5492,2017,65 years and over,Female,347.6
5505,2017,All ages,Both sexes,4810.9
5506,2017,All ages,Male,2380.8
5507,2017,All ages,Female,2430.1
5508,2018,Under 1 year,Both sexes,61.7
5509,2018,Under 1 year,Male,31.7
5510,2018,Under 1 year,Female,30.0
5514,2018,0 - 14 years,Both sexes,1014.4
5515,2018,0 - 14 years,Male,519.3
5516,2018,0 - 14 years,Female,495.1
5517,2018,1 - 4 years,Both sexes,258.3
5518,2018,1 - 4 years,Male,132.2
5519,2018,1 - 4 years,Female,126.1
5529,2018,15 - 24 years,Both sexes,609.3
5530,2018,15 - 24 years,Male,310.4
5531,2018,15 - 24 years,Female,298.8
5532,2018,15 years and over,Both sexes,3870.5
5533,2018,15 years and over,Male,1900.2
5534,2018,15 years and over,Female,1970.3
5541,2018,25 - 44 years,Both sexes,1402.8
5542,2018,25 - 44 years,Male,685.9
5543,2018,25 - 44 years,Female,716.9
5556,2018,45 - 64 years,Both sexes,1182.0
5557,2018,45 - 64 years,Male,586.9
5558,2018,45 - 64 years,Female,595.2
5571,2018,65 years and over,Both sexes,676.4
5572,2018,65 years and over,Male,317.0
5573,2018,65 years and over,Female,359.4
5586,2018,All ages,Both sexes,4884.9
5587,2018,All ages,Male,2419.5
5588,2018,All ages,Female,2465.4
5589,2019,Under 1 year,Both sexes,60.4
5590,2019,Under 1 year,Male,30.8
5591,2019,Under 1 year,Female,29.6
5595,2019,0 - 14 years,Both sexes,1015.5
5596,2019,0 - 14 years,Male,520.8
5597,2019,0 - 14 years,Female,494.7
5598,2019,1 - 4 years,Both sexes,254.6
5599,2019,1 - 4 years,Male,130.5
5600,2019,1 - 4 years,Female,124.1
5610,2019,15 - 24 years,Both sexes,623.8
5611,2019,15 - 24 years,Male,316.9
5612,2019,15 - 24 years,Female,306.9
5613,2019,15 years and over,Both sexes,3942.9
5614,2019,15 years and over,Male,1935.5
5615,2019,15 years and over,Female,2007.5
5622,2019,25 - 44 years,Both sexes,1406.0
5623,2019,25 - 44 years,Male,688.1
5624,2019,25 - 44 years,Female,717.9
5637,2019,45 - 64 years,Both sexes,1211.7
5638,2019,45 - 64 years,Male,601.4
5639,2019,45 - 64 years,Female,610.3
5652,2019,65 years and over,Both sexes,701.4
5653,2019,65 years and over,Male,329.1
5654,2019,65 years and over,Female,372.3
5667,2019,All ages,Both sexes,4958.5
5668,2019,All ages,Male,2456.3
5669,2019,All ages,Female,2502.2
5670,2020,Under 1 year,Both sexes,58.2
5671,2020,Under 1 year,Male,29.8
5672,2020,Under 1 year,Female,28.3
5676,2020,0 - 14 years,Both sexes,1013.7
5677,2020,0 - 14 years,Male,519.9
5678,2020,0 - 14 years,Female,493.7
5679,2020,1 - 4 years,Both sexes,250.5
5680,2020,1 - 4 years,Male,128.9
5681,2020,1 - 4 years,Female,121.6
5691,2020,15 - 24 years,Both sexes,637.9
5692,2020,15 - 24 years,Male,324.8
5693,2020,15 - 24 years,Female,313.1
5694,2020,15 years and over,Both sexes,4016.2
5695,2020,15 years and over,Male,1971.8
5696,2020,15 years and over,Female,2044.4
5703,2020,25 - 44 years,Both sexes,1412.0
5704,2020,25 - 44 years,Male,690.9
5705,2020,25 - 44 years,Female,721.1
5718,2020,45 - 64 years,Both sexes,1240.2
5719,2020,45 - 64 years,Male,614.2
5720,2020,45 - 64 years,Female,626.0
5733,2020,65 years and over,Both sexes,726.1
5734,2020,65 years and over,Male,341.9
5735,2020,65 years and over,Female,384.2
5748,2020,All ages,Both sexes,5029.9
5749,2020,All ages,Male,2491.8
5750,2020,All ages,Female,2538.1
5751,2021,Under 1 year,Both sexes,55.9
5752,2021,Under 1 year,Male,28.4
5753,2021,Under 1 year,Female,27.4
5757,2021,0 - 14 years,Both sexes,1007.6
5758,2021,0 - 14 years,Male,515.7
5759,2021,0 - 14 years,Female,491.9
5760,2021,1 - 4 years,Both sexes,245.0
5761,2021,1 - 4 years,Male,125.7
5762,2021,1 - 4 years,Female,119.3
5772,2021,15 - 24 years,Both sexes,640.4
5773,2021,15 - 24 years,Male,325.9
5774,2021,15 - 24 years,Female,314.4
5775,2021,15 years and over,Both sexes,4067.1
5776,2021,15 years and over,Male,1998.3
5777,2021,15 years and over,Female,2068.7
5784,2021,25 - 44 years,Both sexes,1411.9
5785,2021,25 - 44 years,Male,690.4
5786,2021,25 - 44 years,Female,721.6
5799,2021,45 - 64 years,Both sexes,1267.4
5800,2021,45 - 64 years,Male,629.6
5801,2021,45 - 64 years,Female,637.8
5814,2021,65 years and over,Both sexes,747.4
5815,2021,65 years and over,Male,352.5
5816,2021,65 years and over,Female,395.0
5829,2021,All ages,Both sexes,5074.7
5830,2021,All ages,Male,2514.0
5831,2021,All ages,Female,2560.6
5832,2022,Under 1 year,Both sexes,57.7
5833,2022,Under 1 year,Male,29.5
5834,2022,Under 1 year,Female,28.1
5838,2022,0 - 14 years,Both sexes,1014.3
5839,2022,0 - 14 years,Male,519.0
5840,2022,0 - 14 years,Female,495.3
5841,2022,1 - 4 years,Both sexes,238.2
5842,2022,1 - 4 years,Male,122.0
5843,2022,1 - 4 years,Female,116.1
5853,2022,15 - 24 years,Both sexes,649.7
5854,2022,15 - 24 years,Male,330.6
5855,2022,15 - 24 years,Female,319.1
5856,2022,15 years and over,Both sexes,4169.7
5857,2022,15 years and over,Male,2043.0
5858,2022,15 years and over,Female,2126.7
5865,2022,25 - 44 years,Both sexes,1434.2
5866,2022,25 - 44 years,Male,696.9
5867,2022,25 - 44 years,Female,737.3
5880,2022,45 - 64 years,Both sexes,1304.5
5881,2022,45 - 64 years,Male,647.2
5882,2022,45 - 64 years,Female,657.3
5895,2022,65 years and over,Both sexes,781.3
5896,2022,65 years and over,Male,368.2
5897,2022,65 years and over,Female,413.1
5910,2022,All ages,Both sexes,5184.0
5911,2022,All ages,Male,2562.0
5912,2022,All ages,Female,2622.0
5913,2023,Under 1 year,Both sexes,55.7
5914,2023,Under 1 year,Male,27.4
5915,2023,Under 1 year,Female,28.3
5919,2023,0 - 14 years,Both sexes,1011.6
5920,2023,0 - 14 years,Male,516.5
5921,2023,0 - 14 years,Female,495.1
5922,2023,1 - 4 years,Both sexes,238.1
5923,2023,1 - 4 years,Male,121.8
5924,2023,1 - 4 years,Female,116.3
5934,2023,15 - 24 years,Both sexes,667.2
5935,2023,15 - 24 years,Male,340.0
5936,2023,15 - 24 years,Female,327.2
5937,2023,15 years and over,Both sexes,4270.0
5938,2023,15 years and over,Male,2089.6
5939,2023,15 years and over,Female,2180.3
5946,2023,25 - 44 years,Both sexes,1457.7
5947,2023,25 - 44 years,Male,708.2
5948,2023,25 - 44 years,Female,749.6
5961,2023,45 - 64 years,Both sexes,1338.7
5962,2023,45 - 64 years,Male,661.5
5963,2023,45 - 64 years,Female,677.2
5976,2023,65 years and over,Both sexes,806.3
5977,2023,65 years and over,Male,379.9
5978,2023,65 years and over,Female,426.4
5991,2023,All ages,Both sexes,5281.6
5992,2023,All ages,Male,2606.2
5993,2023,All ages,Female,2675.4
